1;#смех#;#смех#;Х;_;_;_;_;_;@es1944m-words#@es1944m#7.896#8.458
2;/;/;PUNCT;_;_;_;_;_;@es1944m-words#@es1944m#8.458#9.02
3;ну;ну;INTJ;_;_;_;_;_;@es1944m-words#@es1944m#9.02#9.582
4;/;/;PUNCT;_;_;_;_;_;@es1944m-words#@es1944m#9.582#10.144
5;тут;тут;ADV;_;Degree=Pos;_;_;_;@es1944m-words#@es1944m#10.144#10.706
6;проблема;проблема;NOUN;_;Animacy=Inan|Case=Nom|Gender=Fem|Number=Sing;_;_;_;@es1944m-words#@es1944m#10.706#11.268
7;такая;такой;DET;_;Case=Nom|Gender=Fem|Number=Sing;_;_;_;@es1944m-words#@es1944m#11.268#11.83
8;что;что;CCONJ;_;Case=Nom;_;_;_;@es1944m-words#@es1944m#11.83#12.392
9;/;/;PUNCT;_;_;_;_;_;@es1944m-words#@es1944m#12.392#12.954
10;сложно;сложно;ADV;_;Degree=Pos;_;_;_;@es1944m-words#@es1944m#12.954#13.516
11;не;не;PART;_;_;_;_;_;@es1944m-words#@es1944m#13.516#14.078
12;влюбиться;влюбиться;VERB;_;Aspect=Perf|VerbForm=Inf|Voice=Mid;_;_;_;@es1944m-words#@es1944m#14.078#14.64
13;в;в;ADP;_;_;_;_;_;@es1944m-words#@es1944m#14.64#15.202
14;меня;я;PRON;_;Case=Acc|Number=Sing|Person=1;_;_;_;@es1944m-words#@es1944m#15.202#15.764
15;если;если;SCONJ;_;_;_;_;_;@es1944m-words#@es1944m#15.764#16.326
16;/;/;PUNCT;_;_;_;_;_;@es1944m-words#@es1944m#16.326#16.888
17;#смех#;#смех#;Х;_;_;_;_;_;@es1944m-words#@es1944m#16.888#17.45
18;/;/;PUNCT;_;_;_;_;_;@es1944m-words#@es1944m#17.45#18.012
19;ты;ты;PRON;_;Case=Nom|Number=Sing|Person=2;_;_;_;@es1944m-words#@es1944m#18.012#18.574
20;пообщался;пообщаться;VERB;_;Aspect=Imp|Gender=Masc|Mood=Ind|Number=Sing|Tense=Past|VerbForm=Fin|Voice=Mid;_;_;_;@es1944m-words#@es1944m#18.574#19.136
21;со;с;ADP;_;_;_;_;_;@es1944m-words#@es1944m#19.136#19.698
22;мной;я;PRON;_;Case=Ins|Number=Sing|Person=1;_;_;_;@es1944m-words#@es1944m#19.698#20.26
23;/;/;PUNCT;_;_;_;_;_;@es1944m-words#@es1944m#20.26#20.822
24;поэтому;поэтому;SCONJ;_;_;_;_;_;@es1944m-words#@es1944m#20.822#21.384
25;/;/;PUNCT;_;_;_;_;_;@es1944m-words#@es1944m#21.384#21.946
26;#смех#;#смех#;Х;_;_;_;_;_;@es1944m-words#@es1944m#21.946#22.508
27;/;/;PUNCT;_;_;_;_;_;@es1944m-words#@es1944m#22.508#23.07
28;бесчисленное;бесчисленный;ADJ;_;Case=Nom|Degree=Pos|Gender=Neut|Number=Sing;_;_;_;@es1944m-words#@es1944m#23.07#23.632
29;множество;множество;NOUN;_;Animacy=Inan|Case=Nom|Gender=Neut|Number=Sing;_;_;_;@es1944m-words#@es1944m#23.632#24.194
30;сердец;сердце;NOUN;_;Case=Gen|Gender=Neut|Number=Plur;_;_;_;@es1944m-words#@es1944m#24.194#24.756
31;конечно;конечно;ADV;_;Degree=Pos;_;_;_;@es1944m-words#@es1944m#24.756#25.318
32;же;же;PART;_;_;_;_;_;@es1944m-words#@es1944m#25.318#25.88
33;/;/;PUNCT;_;_;_;_;_;@es1944m-words#@es1944m#25.88#26.442
34;#смех#;#смех#;X;_;_;_;_;_;@es1944m-words#@es1944m#26.442#27.015
35;ну;ну;INTJ;_;_;_;_;_;@es1944m-words#@es1944m#28.4#28.61
36;наверно;наверно;ADV;_;Degree=Pos;_;_;_;@es1944m-words#@es1944m#28.61#28.82
37;да;да;CCONJ;_;_;_;_;_;@es1944m-words#@es1944m#28.82#29.03
38;/;/;PUNCT;_;_;_;_;_;@es1944m-words#@es1944m#29.03#29.24
39;что;что;PRON;_;Case=Nom;_;_;_;@es1944m-words#@es1944m#29.24#29.45
40;тут;тут;ADV;_;Degree=Pos;_;_;_;@es1944m-words#@es1944m#29.45#29.66
41;де..;де..;X;_;_;_;_;_;@es1944m-words#@es1944m#29.66#29.87
42;/;/;PUNCT;_;_;_;_;_;@es1944m-words#@es1944m#29.87#30.08
43;#смех#;#смех#;X;_;_;_;_;_;@es1944m-words#@es1944m#30.08#30.29
44;/;/;PUNCT;_;_;_;_;_;@es1944m-words#@es1944m#30.29#30.5
45;что;что;PRON;_;_;_;_;_;@es1944m-words#@es1944m#30.5#30.71
46;тут;тут;ADV;_;Degree=Pos;_;_;_;@es1944m-words#@es1944m#30.71#30.92
47;сделаешь;делать;VERB;_;Aspect=Perf|Mood=Ind|Number=Sing|Person=2|Tense=Fut|VerbForm=Fin|Voice=Act;_;_;_;@es1944m-words#@es1944m#30.92#31.132
48;#смех#;#смех#;X;_;_;_;_;_;@es1944m-words#@es1944m#35.469#36.125
49;/;/;PUNCT;_;_;_;_;_;@es1944m-words#@es1944m#36.125#36.781
50;ээ;ээ;X;_;_;_;_;_;@es1944m-words#@es1944m#36.781#37.437
51;/;/;PUNCT;_;_;_;_;_;@es1944m-words#@es1944m#37.437#38.093
52;потому;потому;SCONJ;_;_;_;_;_;@es1944m-words#@es1944m#38.093#38.749
53;что;что;SCONJ;_;_;_;_;_;@es1944m-words#@es1944m#38.749#39.405
54;я;я;PRON;_;Case=Nom|Number=Sing|Person=1;_;_;_;@es1944m-words#@es1944m#39.405#40.061
55;/;/;PUNCT;_;_;_;_;_;@es1944m-words#@es1944m#40.061#40.717
56;э;эра;X;_;_;_;_;_;@es1944m-words#@es1944m#40.717#41.373
57;/;/;PUNCT;_;_;_;_;_;@es1944m-words#@es1944m#41.373#42.029
58;человек;человек;NOUN;_;Animacy=Anim|Case=Nom|Gender=Masc|Number=Sing;_;_;_;@es1944m-words#@es1944m#42.029#42.685
59;мира;мир;NOUN;_;Animacy=Inan|Case=Gen|Gender=Masc|Number=Sing;_;_;_;@es1944m-words#@es1944m#42.685#43.341
60;/;/;PUNCT;_;_;_;_;_;@es1944m-words#@es1944m#43.341#43.997
61;получилось;получилось;ADV;_;Degree=Pos;_;_;_;@es1944m-words#@es1944m#43.997#44.653
62;то;то;PART;_;_;_;_;_;@es1944m-words#@es1944m#43.997#44.653
63;/;/;PUNCT;_;_;_;_;_;@es1944m-words#@es1944m#44.653#45.309
64;я;я;PRON;_;Case=Nom|Number=Sing|Person=1;_;_;_;@es1944m-words#@es1944m#45.309#45.965
65;удмурт;удмурт;NOUN;_;Aspect=Perf|Gender=Masc|Number=Sing|Tense=Past|Variant=Short|VerbForm=Part|Voice=Pass;_;_;_;@es1944m-words#@es1944m#45.965#46.621
66;свободный;свободный;ADJ;_;Case=Nom|Degree=Pos|Gender=Masc|Number=Sing;_;_;_;@es1944m-words#@es1944m#46.621#47.277
67;#смех#;#смех#;X;_;_;_;_;_;@es1944m-words#@es1944m#47.277#47.933
68;/;/;PUNCT;_;_;_;_;_;@es1944m-words#@es1944m#47.933#48.589
69;блин;блин;INTJ;_;_;_;_;_;@es1944m-words#@es1944m#48.589#49.245
70;ужас;ужас;NOUN;_;Case=Nom|Gender=Masc|Number=Sing;_;_;_;@es1944m-words#@es1944m#49.245#49.91
71;блин;блин;INTJ;_;_;_;_;_;@es1944m-words#@es1944m#60.679#61.053
72;сложно;сложно;ADV;_;Degree=Pos;_;_;_;@es1944m-words#@es1944m#61.053#61.427
73;сказать;сказать;VERB;_;Aspect=Perf|VerbForm=Inf|Voice=Act;_;_;_;@es1944m-words#@es1944m#61.427#61.801
74;/;/;PUNCT;_;_;_;_;_;@es1944m-words#@es1944m#61.801#62.175
75;выступать;выступать;VERB;_;Aspect=Imp|VerbForm=Inf|Voice=Act;_;_;_;@es1944m-words#@es1944m#62.175#62.549
76;так;так;ADV;_;Degree=Pos;_;_;_;@es1944m-words#@es1944m#62.549#62.923
77;же;же;PART;_;_;_;_;_;@es1944m-words#@es1944m#62.923#63.297
78;как;как;SCONJ;_;_;_;_;_;@es1944m-words#@es1944m#63.297#63.671
79;и;и;CCONJ;_;_;_;_;_;@es1944m-words#@es1944m#63.671#64.045
80;всегд…;всегд…;X;_;_;_;_;_;@es1944m-words#@es1944m#64.045#64.419
81;как;как;SCONJ;_;_;_;_;_;@es1944m-words#@es1944m#64.419#64.793
82;и;и;CCONJ;_;_;_;_;_;@es1944m-words#@es1944m#64.793#65.167
83;везде;везде;ADV;_;Degree=Pos;_;_;_;@es1944m-words#@es1944m#65.167#65.541
84;наверно;наверно;ADV;_;Degree=Pos;_;_;_;@es1944m-words#@es1944m#65.541#65.915
85;/;/;PUNCT;_;_;_;_;_;@es1944m-words#@es1944m#65.915#66.289
86;в;в;ADP;_;_;_;_;_;@es1944m-words#@es1944m#66.289#66.663
87;Таджикистане;Таджикистан;PROPN;_;Animacy=Inan|Case=Loc|Gender=Masc|Number=Sing;_;_;_;@es1944m-words#@es1944m#66.663#67.037
88;/;/;PUNCT;_;_;_;_;_;@es1944m-words#@es1944m#67.037#67.411
89;этот;этот;DET;_;Case=Nom|Gender=Masc|Number=Sing;_;_;_;@es1944m-words#@es1944m#67.411#67.785
90;/;/;PUNCT;_;_;_;_;_;@es1944m-words#@es1944m#67.785#68.159
91;сильная;сильный;ADJ;_;Case=Nom|Degree=Pos|Gender=Fem|Number=Sing;_;_;_;@es1944m-words#@es1944m#68.159#68.533
92;цензура;цензура;NOUN;_;Animacy=Inan|Case=Nom|Gender=Fem|Number=Sing;_;_;_;@es1944m-words#@es1944m#68.533#68.907
93;интересно;интересно;ADV;_;Degree=Pos;_;_;_;@es1944m-words#@es1944m#68.907#69.294
94;оо;оо;X;_;_;_;_;_;@es1944m-words#@es1944m#75.141#75.502
95;/;/;PUNCT;_;_;_;_;_;@es1944m-words#@es1944m#75.502#75.863
96;оо;оо;X;_;_;_;_;_;@es1944m-words#@es1944m#75.863#76.224
97;/;/;PUNCT;_;_;_;_;_;@es1944m-words#@es1944m#76.224#76.585
98;это;это;PRON;_;Animacy=Inan|Case=Nom|Gender=Neut|Number=Sing;_;_;_;@es1944m-words#@es1944m#76.585#76.946
99;с;с;ADP;_;_;_;_;_;@es1944m-words#@es1944m#76.946#77.307
100;разгонов;разгон;NOUN;_;Animacy=Inan|Case=Gen|Gender=Masc|Number=Plur;_;_;_;@es1944m-words#@es1944m#77.307#77.668
101;пришли;прийти;VERB;_;Aspect=Perf|Mood=Ind|Number=Plur|Tense=Past|VerbForm=Fin|Voice=Act;_;_;_;@es1944m-words#@es1944m#77.668#78.029
102;люди;человек;NOUN;_;Animacy=Anim|Case=Nom|Gender=Masc|Number=Plur;_;_;_;@es1944m-words#@es1944m#78.029#78.397
103;да;да;INTJ;_;_;_;_;_;@es1944m-words#@es1944m#80.064#80.438
104;да;да;INTJ;_;_;_;_;_;@es1944m-words#@es1944m#80.438#80.812
105;я;я;PRON;_;Case=Nom|Number=Sing|Person=1;_;_;_;@es1944m-words#@es1944m#80.812#81.186
106;сильно;сильно;ADV;_;Degree=Pos;_;_;_;@es1944m-words#@es1944m#81.186#81.56
107;лунач…;лунач…;X;_;_;_;_;_;@es1944m-words#@es1944m#81.56#81.934
108;лунатил;лунатить;VERB;_;Aspect=Imp|Gender=Masc|Mood=Ind|Number=Sing|Tense=Past|VerbForm=Fin|Voice=Act;_;_;_;@es1944m-words#@es1944m#81.934#82.308
109;/;/;PUNCT;_;_;_;_;_;@es1944m-words#@es1944m#82.308#82.682
110;нет;нет;INTJ;_;_;_;_;_;@es1944m-words#@es1944m#82.682#83.056
111;/;/;PUNCT;_;_;_;_;_;@es1944m-words#@es1944m#83.056#83.43
112;нуу;ну;INTJ;_;Animacy=Inan|Case=Acc|Gender=Fem|Number=Sing;_;_;_;@es1944m-words#@es1944m#83.43#83.804
113;/;/;PUNCT;_;_;_;_;_;@es1944m-words#@es1944m#83.804#84.178
114;ниче;нико;ADV;_;Degree=Pos;_;_;_;@es1944m-words#@es1944m#84.178#84.552
115;/;/;PUNCT;_;_;_;_;_;@es1944m-words#@es1944m#84.552#84.926
116;н…;н…;PUNCT;_;_;_;_;_;@es1944m-words#@es1944m#84.926#85.3
117;пока;пока;ADV;_;Degree=Pos;_;_;_;@es1944m-words#@es1944m#85.3#85.674
118;я;я;PRON;_;Case=Nom|Number=Sing|Person=1;_;_;_;@es1944m-words#@es1944m#85.674#86.051
119;ну;ну;INTJ;_;_;_;_;_;@es1944m-words#@es1944m#88.026#88.284
120;/;/;PUNCT;_;_;_;_;_;@es1944m-words#@es1944m#88.284#88.542
121;смотри;смотреть;VERB;_;Aspect=Imp|Mood=Imp|Number=Sing|Person=2|VerbForm=Fin|Voice=Act;_;_;_;@es1944m-words#@es1944m#88.542#88.8
122;в;в;ADP;_;_;_;_;_;@es1944m-words#@es1944m#88.8#89.058
123;разг..;разг..;X;_;_;_;_;_;@es1944m-words#@es1944m#89.058#89.32
124;да;да;CCONJ;_;_;_;_;_;@es1944m-words#@es1944m#89.358#89.723
125;я;я;PRON;_;Case=Nom|Number=Sing|Person=1;_;_;_;@es1944m-words#@es1944m#89.723#90.088
126;там;там;ADV;_;Degree=Pos;_;_;_;@es1944m-words#@es1944m#90.088#90.453
127;я;я;PRON;_;Case=Nom|Number=Sing|Person=1;_;_;_;@es1944m-words#@es1944m#90.453#90.818
128;там;там;ADV;_;Degree=Pos;_;_;_;@es1944m-words#@es1944m#90.818#91.183
129;да;да;CCONJ;_;_;_;_;_;@es1944m-words#@es1944m#91.183#91.548
130;/;/;PUNCT;_;_;_;_;_;@es1944m-words#@es1944m#91.548#91.913
131;ну;ну;INTJ;_;_;_;_;_;@es1944m-words#@es1944m#91.913#92.278
132;/;/;PUNCT;_;_;_;_;_;@es1944m-words#@es1944m#92.278#92.643
133;хож…;хож…;X;_;_;_;_;_;@es1944m-words#@es1944m#92.643#93.008
134;ходил;ходить;VERB;_;Aspect=Imp|Gender=Masc|Mood=Ind|Number=Sing|Tense=Past|VerbForm=Fin|Voice=Act;_;_;_;@es1944m-words#@es1944m#93.008#93.373
135;короче;коротко;ADV;_;Degree=Cmp;_;_;_;@es1944m-words#@es1944m#93.373#93.738
136;/;/;PUNCT;_;_;_;_;_;@es1944m-words#@es1944m#93.738#94.103
137;хожу;ходить;VERB;_;Aspect=Imp|Mood=Ind|Number=Sing|Person=1|Tense=Pres|VerbForm=Fin|Voice=Act;_;_;_;@es1944m-words#@es1944m#94.103#94.468
138;хожу;ходить;NOUN;_;Animacy=Inan|Case=Acc|Gender=Fem|Number=Sing;_;_;_;@es1944m-words#@es1944m#94.468#94.833
139;/;/;PUNCT;_;_;_;_;_;@es1944m-words#@es1944m#94.833#95.198
140;и;и;CCONJ;_;_;_;_;_;@es1944m-words#@es1944m#95.198#95.563
141;может;мочь;VERB;_;Aspect=Imp|Mood=Ind|Number=Sing|Person=3|Tense=Pres|VerbForm=Fin|Voice=Act;_;_;_;@es1944m-words#@es1944m#95.563#95.928
142;это;это;PRON;_;Animacy=Inan|Case=Nom|Gender=Neut|Number=Sing;_;_;_;@es1944m-words#@es1944m#95.928#96.293
143;опасно;опасно;ADJ;_;Degree=Pos|Gender=Neut|Number=Sing|Variant=Short;_;_;_;@es1944m-words#@es1944m#96.293#96.658
144;короче;коротко;ADV;_;Degree=Cmp;_;_;_;@es1944m-words#@es1944m#96.658#97.023
145;быть;быть;VERB;_;Aspect=Imp|VerbForm=Inf|Voice=Act;_;_;_;@es1944m-words#@es1944m#97.023#97.388
146;/;/;PUNCT;_;_;_;_;_;@es1944m-words#@es1944m#97.388#97.753
147;ээ;ээ;INTJ;_;_;_;_;_;@es1944m-words#@es1944m#97.753#98.118
148;/;/;PUNCT;_;_;_;_;_;@es1944m-words#@es1944m#98.118#98.483
149;но;но;CCONJ;_;_;_;_;_;@es1944m-words#@es1944m#98.483#98.848
150;нет;нет;INTJ;_;_;_;_;_;@es1944m-words#@es1944m#98.848#99.213
151;/;/;PUNCT;_;_;_;_;_;@es1944m-words#@es1944m#99.213#99.578
152;н…;н…;X;_;_;_;_;_;@es1944m-words#@es1944m#99.578#99.943
153;пока;пока;ADV;_;Degree=Pos;_;_;_;@es1944m-words#@es1944m#99.943#100.308
154;видимо;видимо;ADV;_;Degree=Pos;_;_;_;@es1944m-words#@es1944m#100.308#100.673
155;физического;физический;ADJ;_;Case=Gen|Degree=Pos|Gender=Masc|Number=Sing;_;_;_;@es1944m-words#@es1944m#100.673#101.038
156;вреда;вред;NOUN;_;Animacy=Inan|Case=Gen|Gender=Masc|Number=Sing;_;_;_;@es1944m-words#@es1944m#101.038#101.403
157;себе;себя;PRON;_;Case=Dat;_;_;_;@es1944m-words#@es1944m#101.403#101.768
158;не;не;PART;_;_;_;_;_;@es1944m-words#@es1944m#101.768#102.133
159;на…;на…;X;_;_;_;_;_;@es1944m-words#@es1944m#102.133#102.498
160;не;не;PART;_;_;_;_;_;@es1944m-words#@es1944m#102.498#102.863
161;нанесу;нанести;VERB;_;Aspect=Perf|Mood=Ind|Number=Sing|Person=1|Tense=Fut|VerbForm=Fin|Voice=Act;_;_;_;@es1944m-words#@es1944m#102.863#103.228
162;какого;какой;DET;_;Case=Gen|Gender=Masc|Number=Sing;_;_;_;@es1944m-words#@es1944m#103.228#103.593
163;то;то;PART;_;_;_;_;_;@es1944m-words#@es1944m#103.228#103.593
164;кому;кто;PRON;_;Case=Dat;_;_;_;@es1944m-words#@es1944m#103.593#103.958
165;то;то;PART;_;_;;;;@es1944m-words#@es1944m#103.593#103.958
166;/;/;PUNCT;_;_;_;_;_;@es1944m-words#@es1944m#103.958#104.323
167;я;я;PRON;_;Case=Nom|Number=Sing|Person=1;_;_;_;@es1944m-words#@es1944m#104.323#104.688
168;пока;пока;ADV;_;Degree=Pos;_;_;_;@es1944m-words#@es1944m#104.688#105.053
169;ничё;ниче;PRON;_;Animacy=Inan|Case=Acc|Gender=Neut|Number=Sing;_;_;_;@es1944m-words#@es1944m#105.053#105.418
170;не;не;PART;_;_;_;_;_;@es1944m-words#@es1944m#105.418#105.783
171;делаю;делать;VERB;_;Aspect=Imp|Mood=Ind|Number=Sing|Person=1|Tense=Pres|VerbForm=Fin|Voice=Act;_;_;_;@es1944m-words#@es1944m#105.783#106.148
172;/;/;PUNCT;_;_;_;_;_;@es1944m-words#@es1944m#106.148#106.513
173;#смех#;#смех#;X;_;_;_;_;_;@es1944m-words#@es1944m#106.513#106.878
174;/;/;PUNCT;_;_;_;_;_;@es1944m-words#@es1944m#106.878#107.243
175;блин;блин;INTJ;_;_;_;_;_;@es1944m-words#@es1944m#107.243#107.608
176;/;/;PUNCT;_;_;_;_;_;@es1944m-words#@es1944m#107.608#107.973
177;о;о;INTJ;_;_;_;_;_;@es1944m-words#@es1944m#107.973#108.338
178;/;/;PUNCT;_;_;_;_;_;@es1944m-words#@es1944m#108.338#108.703
179;вот;вот;PART;_;_;_;_;_;@es1944m-words#@es1944m#108.703#109.068
180;я;я;PRON;_;Case=Nom|Number=Sing|Person=1;_;_;_;@es1944m-words#@es1944m#109.068#109.433
181;в;в;ADP;_;_;_;_;_;@es1944m-words#@es1944m#109.433#109.798
182;разго…;разго…;X;_;_;_;_;_;@es1944m-words#@es1944m#109.798#110.163
183;нет;нет;INTJ;_;_;_;_;_;@es1944m-words#@es1944m#110.163#110.528
184;/;/;PUNCT;_;_;_;_;_;@es1944m-words#@es1944m#110.528#110.893
185;ладно;ладно;INTJ;_;_;_;_;_;@es1944m-words#@es1944m#110.893#111.258
186;это;это;PRON;_;Animacy=Inan|Case=Nom|Gender=Neut|Number=Sing;_;_;_;@es1944m-words#@es1944m#111.258#111.623
187;ост…;ост…;X;_;_;_;_;_;@es1944m-words#@es1944m#111.623#111.988
188;/;/;PUNCT;_;_;_;_;_;@es1944m-words#@es1944m#111.988#112.353
189;#смех#;#смех#;X;_;_;_;_;_;@es1944m-words#@es1944m#112.353#112.718
190;/;/;PUNCT;_;_;_;_;_;@es1944m-words#@es1944m#112.718#113.083
191;что;что;SCONJ;_;_;_;_;_;@es1944m-words#@es1944m#113.083#113.448
192;у;у;ADP;_;_;_;_;_;@es1944m-words#@es1944m#113.448#113.813
193;меня;я;PRON;_;Case=Gen|Number=Sing|Person=1;_;_;_;@es1944m-words#@es1944m#113.813#114.178
194;был;быть;VERB;_;Aspect=Imp|Gender=Masc|Mood=Ind|Number=Sing|Tense=Past|VerbForm=Fin|Voice=Act;_;_;_;@es1944m-words#@es1944m#114.178#114.543
195;м…;м…;X;_;_;_;_;_;@es1944m-words#@es1944m#114.543#114.908
196;/;/;PUNCT;_;_;_;_;_;@es1944m-words#@es1944m#114.908#115.273
197;у;у;ADP;_;_;_;_;_;@es1944m-words#@es1944m#115.273#115.638
198;меня;я;PRON;_;Case=Gen|Number=Sing|Person=1;_;_;_;@es1944m-words#@es1944m#115.638#116.003
199;был;быть;VERB;_;Aspect=Imp|Gender=Masc|Mood=Ind|Number=Sing|Tense=Past|VerbForm=Fin|Voice=Act;_;_;_;@es1944m-words#@es1944m#116.003#116.368
200;момент;момент;NOUN;_;Animacy=Inan|Case=Nom|Gender=Masc|Number=Sing;_;_;_;@es1944m-words#@es1944m#116.368#116.733
201;/;/;PUNCT;_;_;_;_;_;@es1944m-words#@es1944m#116.733#117.098
202;когда;когда;SCONJ;_;_;_;_;_;@es1944m-words#@es1944m#117.098#117.463
203;мы;мы;PRON;_;Case=Nom|Number=Plur|Person=1;_;_;_;@es1944m-words#@es1944m#117.463#117.828
204;с;с;ADP;_;_;_;_;_;@es1944m-words#@es1944m#117.828#118.193
205;девушкой;девушка;NOUN;_;Animacy=Anim|Case=Ins|Gender=Fem|Number=Sing;_;_;_;@es1944m-words#@es1944m#118.193#118.558
206;жили;жить;VERB;_;Aspect=Imp|Mood=Ind|Number=Plur|Tense=Past|VerbForm=Fin|Voice=Act;_;_;_;@es1944m-words#@es1944m#118.558#118.923
207;и;и;PART;_;_;_;_;_;@es1944m-words#@es1944m#118.923#119.288
208;я;я;PRON;_;Case=Nom|Number=Sing|Person=1;_;_;_;@es1944m-words#@es1944m#119.288#119.653
209;проснулся;проснуться;VERB;_;Aspect=Perf|Gender=Masc|Mood=Ind|Number=Sing|Tense=Past|VerbForm=Fin|Voice=Mid;_;_;_;@es1944m-words#@es1944m#119.653#120.018
210;/;/;PUNCT;_;_;_;_;_;@es1944m-words#@es1944m#120.018#120.383
211;и;и;CCONJ;_;_;_;_;_;@es1944m-words#@es1944m#120.383#120.748
212;у;у;ADP;_;_;_;_;_;@es1944m-words#@es1944m#120.748#121.113
213;меня;я;PRON;_;Case=Gen|Number=Sing|Person=1;_;_;_;@es1944m-words#@es1944m#121.113#121.478
214;/;/;PUNCT;_;_;_;_;_;@es1944m-words#@es1944m#121.478#121.843
215;было;быть;VERB;_;Aspect=Imp|Gender=Neut|Mood=Ind|Number=Sing|Tense=Past|VerbForm=Fin|Voice=Act;_;_;_;@es1944m-words#@es1944m#121.843#122.208
216;/;/;PUNCT;_;_;_;_;_;@es1944m-words#@es1944m#122.208#122.573
217;ощущение;ощущение;NOUN;_;Animacy=Inan|Case=Nom|Gender=Neut|Number=Sing;_;_;_;@es1944m-words#@es1944m#122.573#122.938
218;что;что;CCONJ;_;Case=Nom;_;_;_;@es1944m-words#@es1944m#122.938#123.303
219;со;с;ADP;_;_;_;_;_;@es1944m-words#@es1944m#123.303#123.668
220;мной;я;PRON;_;Case=Ins|Number=Sing|Person=1;_;_;_;@es1944m-words#@es1944m#123.668#124.033
221;рядом;рядом;ADV;_;Degree=Pos;_;_;_;@es1944m-words#@es1944m#124.033#124.398
222;какой;какой;DET;_;Case=Nom|Gender=Masc|Number=Sing;_;_;_;@es1944m-words#@es1944m#124.398#124.763
223;то;то;PART;_;_;_;_;_;@es1944m-words#@es1944m#124.398#124.763
224;дьявол;дьявол;NOUN;_;Animacy=Anim|Case=Nom|Gender=Masc|Number=Sing;_;_;_;@es1944m-words#@es1944m#124.763#125.128
225;спит;спать;VERB;_;Aspect=Imp|Mood=Ind|Number=Sing|Person=3|Tense=Pres|VerbForm=Fin|Voice=Act;_;_;_;@es1944m-words#@es1944m#125.128#125.493
226;/;/;PUNCT;_;_;_;_;_;@es1944m-words#@es1944m#125.493#125.858
227;#смех#;#смех#;X;_;_;_;_;_;@es1944m-words#@es1944m#125.858#126.223
228;/;/;PUNCT;_;_;_;_;_;@es1944m-words#@es1944m#126.223#126.588
229;секунду;секунда;NOUN;_;Animacy=Inan|Case=Acc|Gender=Fem|Number=Sing;_;_;_;@es1944m-words#@es1944m#126.588#126.953
230;/;/;PUNCT;_;_;_;_;_;@es1944m-words#@es1944m#126.953#127.318
231;я;я;PRON;_;Case=Nom|Number=Sing|Person=1;_;_;_;@es1944m-words#@es1944m#127.318#127.683
232;такой;такой;DET;_;Case=Ins|Gender=Fem|Number=Sing;_;_;_;@es1944m-words#@es1944m#127.683#128.048
233;ой;а;NOUN;_;Animacy=Inan|Case=Ins|Gender=Fem|Number=Sing;_;_;_;@es1944m-words#@es1944m#128.048#128.413
234;нет;нет;VERB;_;Aspect=Imp|Mood=Ind|Number=Sing|Person=3|Tense=Pres|VerbForm=Fin|Voice=Act;_;_;_;@es1944m-words#@es1944m#128.413#128.778
235;всё;все;PRON;_;Animacy=Inan|Case=Acc|Gender=Neut|Number=Sing;_;_;_;@es1944m-words#@es1944m#128.778#129.143
236;мне;я;PRON;_;Case=Dat|Number=Sing|Person=1;_;_;_;@es1944m-words#@es1944m#129.143#129.508
237;показ…;показ…;X;_;_;_;_;_;@es1944m-words#@es1944m#129.508#129.873
238;причудилось;чудиться;VERB;_;Aspect=Perf|Gender=Neut|Mood=Ind|Number=Sing|Tense=Past|VerbForm=Fin|Voice=Mid;_;_;_;@es1944m-words#@es1944m#129.873#130.238
239;#смех#;#смех#;X;_;Animacy=Inan|Case=Gen|Gender=Fem|Number=Sing;_;_;_;@es1944m-words#@es1944m#130.238#130.603
240;но;но;CCONJ;_;_;_;_;_;@es1944m-words#@es1944m#130.603#130.968
241;опас..;опас..;X;_;_;_;_;_;@es1944m-words#@es1944m#130.968#131.333
242;опасно;опасно;ADV;_;Degree=Pos;_;_;_;@es1944m-words#@es1944m#131.333#131.698
243;как;как;ADV;_;Degree=Pos;_;_;_;@es1944m-words#@es1944m#131.698#132.063
244;будто;будто;PART;_;_;_;_;_;@es1944m-words#@es1944m#132.063#132.428
245;было;было;AUX;_;Aspect=Imp|Gender=Neut|Mood=Ind|Number=Sing|Tense=Past|VerbForm=Fin|Voice=Act;_;_;_;@es1944m-words#@es1944m#132.428#132.793
246;на;на;ADP;_;_;_;_;_;@es1944m-words#@es1944m#132.793#133.158
247;секунду;секунда;NOUN;_;Animacy=Inan|Case=Acc|Gender=Fem|Number=Sing;_;_;_;@es1944m-words#@es1944m#133.158#133.555
248;смех#;смех#;X;_;_;_;_;_;@es1944m-words#@es1944m#136.244#136.95
249;не;не;PART;_;_;_;_;_;@es1944m-words#@es1944m#136.95#137.656
250;знаю;знать;VERB;_;Aspect=Imp|Mood=Ind|Number=Sing|Person=1|Tense=Pres|VerbForm=Fin|Voice=Act;_;_;_;@es1944m-words#@es1944m#137.656#138.362
251;/;/;PUNCT;_;_;_;_;_;@es1944m-words#@es1944m#138.362#139.068
252;к…;к…;X;_;_;_;_;_;@es1944m-words#@es1944m#139.068#139.774
253;крест;крест;NOUN;_;Animacy=Inan|Case=Nom|Gender=Masc|Number=Sing;_;_;_;@es1944m-words#@es1944m#139.774#140.48
254;в;в;ADP;_;_;_;_;_;@es1944m-words#@es1944m#140.48#141.186
255;него;он;PRON;_;Case=Acc|Gender=Masc|Number=Sing|Person=3;_;_;_;@es1944m-words#@es1944m#141.186#141.892
256;воткнул;воткнуть;VERB;_;Aspect=Perf|Gender=Masc|Mood=Ind|Number=Sing|Tense=Past|VerbForm=Fin|Voice=Act;_;_;_;@es1944m-words#@es1944m#141.892#142.598
257;#смех#;#смех#;X;_;_;_;_;_;@es1944m-words#@es1944m#142.598#143.311
258;да;да;CCONJ;_;_;_;_;_;@es1944m-words#@es1944m#148.068#148.386
259;я;я;PRON;_;Case=Nom|Number=Sing|Person=1;_;_;_;@es1944m-words#@es1944m#148.386#148.704
260;просто;просто;ADV;_;Degree=Pos;_;_;_;@es1944m-words#@es1944m#148.704#149.022
261;крест;крест;NOUN;_;Animacy=Inan|Case=Nom|Gender=Masc|Number=Sing;_;_;_;@es1944m-words#@es1944m#149.022#149.34
262;под;под;ADP;_;_;_;_;_;@es1944m-words#@es1944m#149.34#149.658
263;/;/;PUNCT;_;_;_;_;_;@es1944m-words#@es1944m#149.658#149.976
264;э;э;INTJ;_;_;_;_;_;@es1944m-words#@es1944m#149.976#150.294
265;/;/;PUNCT;_;_;_;_;_;@es1944m-words#@es1944m#150.294#150.612
266;под;под;ADP;_;_;_;_;_;@es1944m-words#@es1944m#150.612#150.93
267;подушкой;подушка;NOUN;_;Animacy=Inan|Case=Ins|Gender=Fem|Number=Sing;_;_;_;@es1944m-words#@es1944m#150.93#151.248
268;всегда;всегда;ADV;_;Degree=Pos;_;_;_;@es1944m-words#@es1944m#151.248#151.566
269;/;/;PUNCT;_;_;_;_;_;@es1944m-words#@es1944m#151.566#151.884
270;блин;блин;INTJ;_;_;_;_;_;@es1944m-words#@es1944m#151.884#152.202
271;я;я;PRON;_;Case=Nom|Number=Sing|Person=1;_;_;_;@es1944m-words#@es1944m#152.202#152.52
272;вспомнил;вспомянуть;VERB;_;Aspect=Perf|Gender=Masc|Mood=Ind|Number=Sing|Tense=Past|VerbForm=Fin|Voice=Act;_;_;_;@es1944m-words#@es1944m#152.52#152.838
273;ещё;ещё;ADV;_;Degree=Pos;_;_;_;@es1944m-words#@es1944m#152.838#153.156
274;что;что;SCONJ;_;_;_;_;_;@es1944m-words#@es1944m#153.156#153.474
275;/;/;PUNCT;_;_;_;_;_;@es1944m-words#@es1944m#153.474#153.792
276;как;как;SCONJ;_;_;_;_;_;@es1944m-words#@es1944m#153.792#154.11
277;меня;я;PRON;_;Case=Acc|Number=Sing|Person=1;_;_;_;@es1944m-words#@es1944m#154.11#154.428
278;лечили;лечить;VERB;_;Aspect=Imp|Mood=Ind|Number=Plur|Tense=Past|VerbForm=Fin|Voice=Act;_;_;_;@es1944m-words#@es1944m#154.428#154.746
279;от;от;ADP;_;_;_;_;_;@es1944m-words#@es1944m#154.746#155.064
280;страшных;страшный;ADJ;_;Case=Gen|Degree=Pos|Number=Plur;_;_;_;@es1944m-words#@es1944m#155.064#155.382
281;снов;сон;NOUN;_;Animacy=Inan|Case=Gen|Gender=Masc|Number=Plur;_;_;_;@es1944m-words#@es1944m#155.382#155.7
282;/;/;PUNCT;_;_;_;_;_;@es1944m-words#@es1944m#155.7#156.018
283;#смех#;#смех#;X;_;Animacy=Inan|Case=Gen|Gender=Fem|Number=Sing;_;_;_;@es1944m-words#@es1944m#156.018#156.336
284;/;/;PUNCT;_;_;_;_;_;@es1944m-words#@es1944m#156.336#156.654
285;ну;ну;INTJ;_;_;_;_;_;@es1944m-words#@es1944m#156.654#156.972
286;/;/;PUNCT;_;_;_;_;_;@es1944m-words#@es1944m#156.972#157.29
287;точнее;точно;ADV;_;Degree=Cmp;_;_;_;@es1944m-words#@es1944m#157.29#157.608
288;/;/;PUNCT;_;_;_;_;_;@es1944m-words#@es1944m#157.608#157.926
289;типа;тип;INTJ;_;_;_;_;_;@es1944m-words#@es1944m#157.926#158.244
290;/;/;PUNCT;_;_;_;_;_;@es1944m-words#@es1944m#158.244#158.562
291;мне;я;PRON;_;Case=Dat|Number=Sing|Person=1;_;_;_;@es1944m-words#@es1944m#158.562#158.88
292;родители;родитель;NOUN;_;Animacy=Anim|Case=Nom|Gender=Masc|Number=Plur;_;_;_;@es1944m-words#@es1944m#158.88#159.198
293;говорили;говорить;VERB;_;Aspect=Imp|Mood=Ind|Number=Plur|Tense=Past|VerbForm=Fin|Voice=Act;_;_;_;@es1944m-words#@es1944m#159.198#159.516
294;чтоб;чтобы;SCONJ;_;Mood=Cnd;_;_;_;@es1944m-words#@es1944m#159.516#159.834
295;страшные;страшный;ADJ;_;Case=Nom|Degree=Pos|Number=Plur;_;_;_;@es1944m-words#@es1944m#159.834#160.152
296;ни..;ни..;PROPN;_;Animacy=Anim|Case=Ins|Gender=Fem|Number=Sing;_;_;_;@es1944m-words#@es1944m#160.152#160.47
297;/;/;PUNCT;_;_;_;_;_;@es1944m-words#@es1944m#160.47#160.788
298;сны;сон;NOUN;_;Animacy=Inan|Case=Nom|Gender=Masc|Number=Plur;_;_;_;@es1944m-words#@es1944m#160.788#161.106
299;не;не;PART;_;_;_;_;_;@es1944m-words#@es1944m#161.106#161.424
300;снились;сниться;VERB;_;Aspect=Imp|Mood=Ind|Number=Plur|Tense=Past|VerbForm=Fin|Voice=Mid;_;_;_;@es1944m-words#@es1944m#161.424#161.742
301;клади;клади;ADP;_;_;_;_;_;@es1944m-words#@es1944m#161.742#162.06
302;себе;себя;PRON;_;Case=Dat;_;_;_;@es1944m-words#@es1944m#162.06#162.378
303;нож;нож;NOUN;_;Animacy=Inan|Case=Acc|Gender=Masc|Number=Sing;_;_;_;@es1944m-words#@es1944m#162.378#162.696
304;под;под;ADP;_;_;_;_;_;@es1944m-words#@es1944m#162.696#163.014
305;подушку;подушка;NOUN;_;Animacy=Inan|Case=Acc|Gender=Fem|Number=Sing;_;_;_;@es1944m-words#@es1944m#163.014#163.332
306;/;/;PUNCT;_;_;_;_;_;@es1944m-words#@es1944m#163.332#163.65
307;я;я;PRON;_;Case=Nom|Number=Sing|Person=1;_;_;_;@es1944m-words#@es1944m#163.65#163.968
308;думаю;думать;VERB;_;Aspect=Imp|Mood=Ind|Number=Sing|Person=1|Tense=Pres|VerbForm=Fin|Voice=Act;_;_;_;@es1944m-words#@es1944m#163.968#164.286
309;это;это;PRON;_;Animacy=Inan|Case=Acc|Gender=Neut|Number=Sing;_;_;_;@es1944m-words#@es1944m#164.286#164.604
310;сейчас;сейчас;ADV;_;Degree=Pos;_;_;_;@es1944m-words#@es1944m#164.604#164.922
311;/;/;PUNCT;_;_;_;_;_;@es1944m-words#@es1944m#164.922#165.24
312;это;это;PRON;_;Animacy=Inan|Case=Nom|Gender=Neut|Number=Sing;_;_;_;@es1944m-words#@es1944m#165.24#165.558
313;что;что;SCONJ;_;_;_;_;_;@es1944m-words#@es1944m#165.558#165.876
314;за;за;ADP;_;_;_;_;_;@es1944m-words#@es1944m#165.876#166.206
315;ну;ну;INTJ;_;_;_;_;_;@es1944m-words#@es1944m#171.096#171.368
316;/;/;PUNCT;_;_;_;_;_;@es1944m-words#@es1944m#171.368#171.64
317;что;что;SCONJ;_;_;_;_;_;@es1944m-words#@es1944m#171.64#171.912
318;за;за;ADP;_;_;_;_;_;@es1944m-words#@es1944m#171.912#172.184
319;да;да;PART;_;_;_;_;_;@es1944m-words#@es1944m#172.184#172.456
320;/;/;PUNCT;_;_;_;_;_;@es1944m-words#@es1944m#172.456#172.728
321;странный;странный;VERB;_;Aspect=Perf|Case=Nom|Gender=Masc|Number=Sing|Tense=Past|VerbForm=Part|Voice=Pass;_;_;_;@es1944m-words#@es1944m#172.728#173.0
322;приём;приём;NOUN;_;Animacy=Inan|Case=Ins|Gender=Masc|Number=Sing;_;_;_;@es1944m-words#@es1944m#173.0#173.272
323;/;/;PUNCT;_;_;_;_;_;@es1944m-words#@es1944m#173.272#173.544
324;меня;я;PRON;_;Case=Acc|Number=Sing|Person=1;_;_;_;@es1944m-words#@es1944m#173.544#173.816
325;причём;причём;ADP;_;_;_;_;_;@es1944m-words#@es1944m#173.816#174.088
326;немного;немного;ADV;_;Degree=Pos;_;_;_;@es1944m-words#@es1944m#174.088#174.36
327;пугал;пугать;VERB;_;Aspect=Imp|Gender=Masc|Mood=Ind|Number=Sing|Tense=Past|VerbForm=Fin|Voice=Act;_;_;_;@es1944m-words#@es1944m#174.36#174.632
328;этот;этот;DET;_;Case=Acc|Gender=Masc|Number=Sing;_;_;_;@es1944m-words#@es1944m#174.632#174.904
329;нож;нож;NOUN;_;Animacy=Inan|Case=Acc|Gender=Masc|Number=Sing;_;_;_;@es1944m-words#@es1944m#174.904#175.176
330;на;на;ADP;_;_;_;_;_;@es1944m-words#@es1944m#175.176#175.448
331;самом;самый;DET;_;Case=Prep|Gender=Neut|Number=Sing;_;_;_;@es1944m-words#@es1944m#175.448#175.72
332;то;то;PART;_;_;_;_;_;@es1944m-words#@es1944m#175.448#175.72
333;деле;дело;NOUN;_;Animacy=Inan|Case=Loc|Gender=Neut|Number=Sing;_;_;_;@es1944m-words#@es1944m#175.72#176.0
334;#смех#;#смех#;X;_;_;_;_;_;@es1944m-words#@es1944m#180.379#180.744
335;да;да;CCONJ;_;_;_;_;_;@es1944m-words#@es1944m#180.744#181.109
336;скорее;скорее;ADV;_;Degree=Pos;_;_;_;@es1944m-words#@es1944m#181.109#181.474
337;это;это;PRON;_;Animacy=Inan|Case=Nom|Gender=Neut|Number=Sing;_;_;_;@es1944m-words#@es1944m#181.474#181.839
338;для;для;ADP;_;_;_;_;_;@es1944m-words#@es1944m#181.839#182.204
339;само…;само…;X;_;_;_;_;_;@es1944m-words#@es1944m#182.204#182.569
340;/;/;PUNCT;_;_;_;_;_;@es1944m-words#@es1944m#182.569#182.934
341;не;не;PART;_;_;_;_;_;@es1944m-words#@es1944m#182.934#183.299
342;для;для;ADP;_;_;_;_;_;@es1944m-words#@es1944m#183.299#183.664
343;страшный;страшный;ADJ;_;Animacy=Inan|Case=Acc|Degree=Pos|Gender=Masc|Number=Sing;_;_;_;@es1944m-words#@es1944m#183.664#184.029
344;снов;сон;NOUN;_;Animacy=Inan|Case=Gen|Gender=Masc|Number=Plur;_;_;_;@es1944m-words#@es1944m#184.029#184.394
345;/;/;PUNCT;_;_;_;_;_;@es1944m-words#@es1944m#184.394#184.759
346;это;это;PRON;_;Animacy=Inan|Case=Nom|Gender=Neut|Number=Sing;_;_;_;@es1944m-words#@es1944m#184.759#185.124
347;от;от;ADP;_;_;_;_;_;@es1944m-words#@es1944m#185.124#185.489
348;страшной;страшный;ADJ;_;Case=Gen|Degree=Pos|Gender=Fem|Number=Sing;_;_;_;@es1944m-words#@es1944m#185.489#185.854
349;реальности;реальность;NOUN;_;Animacy=Inan|Case=Gen|Gender=Fem|Number=Sing;_;_;_;@es1944m-words#@es1944m#185.854#186.219
350;скорее;скорее;ADV;_;Degree=Pos;_;_;_;@es1944m-words#@es1944m#186.219#186.586
351;оо;оо;ADV;_;Degree=Pos;_;_;_;@es1944m-words#@es1944m#193.775#194.131
352;/;/;PUNCT;_;_;_;_;_;@es1944m-words#@es1944m#194.131#194.487
353;нифига;нифиг;NOUN;_;Animacy=Anim|Case=Acc|Gender=Masc|Number=Sing;_;_;_;@es1944m-words#@es1944m#194.487#194.843
354;себе;себя;PRON;_;Case=Dat;_;_;_;@es1944m-words#@es1944m#194.843#195.199
355;/;/;PUNCT;_;_;_;_;_;@es1944m-words#@es1944m#195.199#195.555
356;#смех#;#смех#;X;_;Animacy=Inan|Case=Gen|Gender=Fem|Number=Sing;_;_;_;@es1944m-words#@es1944m#195.555#195.911
357;/;/;PUNCT;_;_;_;_;_;@es1944m-words#@es1944m#195.911#196.267
358;да;да;CCONJ;_;_;_;_;_;@es1944m-words#@es1944m#196.267#196.623
359;понятно;понятный;ADV;_;Degree=Pos;_;_;_;@es1944m-words#@es1944m#196.623#196.979
360;почему;почему;ADV;_;Degree=Pos;_;_;_;@es1944m-words#@es1944m#196.979#197.335
361;у;у;ADP;_;_;_;_;_;@es1944m-words#@es1944m#197.335#197.691
362;неё;она;PRON;_;Animacy=Inan|Case=Acc|Gender=Neut|Number=Sing;_;_;_;@es1944m-words#@es1944m#197.691#198.047
363;/;/;PUNCT;_;_;_;_;_;@es1944m-words#@es1944m#198.047#198.403
364;у;у;ADP;_;_;_;_;_;@es1944m-words#@es1944m#198.403#198.759
365;неё;она;PRON;_;Animacy=Inan|Case=Acc|Gender=Neut|Number=Sing;_;_;_;@es1944m-words#@es1944m#198.759#199.115
366;/;/;PUNCT;_;_;_;_;_;@es1944m-words#@es1944m#199.115#199.471
367;а;а;CCONJ;_;_;_;_;_;@es1944m-words#@es1944m#199.471#199.827
368;у;у;ADP;_;_;_;_;_;@es1944m-words#@es1944m#199.827#200.183
369;неё;она;PRON;_;Case=Gen|Gender=Fem|Number=Sing|Person=3;_;_;_;@es1944m-words#@es1944m#200.183#200.539
370;под;под;ADP;_;_;_;_;_;@es1944m-words#@es1944m#200.539#200.895
371;подушкой;подушка;NOUN;_;Animacy=Inan|Case=Ins|Gender=Fem|Number=Sing;_;_;_;@es1944m-words#@es1944m#200.895#201.251
372;пистолет;пистолет;NOUN;_;Animacy=Inan|Case=Acc|Gender=Masc|Number=Sing;_;_;_;@es1944m-words#@es1944m#201.251#201.607
373;как;как;SCONJ;_;_;_;_;_;@es1944m-words#@es1944m#201.607#201.963
374;раз;раз;NOUN;_;Animacy=Inan|Case=Acc|Gender=Masc|Number=Sing;_;_;_;@es1944m-words#@es1944m#201.963#202.319
375;был;быть;VERB;_;Aspect=Imp|Gender=Masc|Mood=Ind|Number=Sing|Tense=Past|VerbForm=Fin|Voice=Act;_;_;_;@es1944m-words#@es1944m#202.319#202.675
376;так;так;ADV;_;Degree=Pos;_;_;_;@es1944m-words#@es1944m#202.675#203.031
377;что;что;SCONJ;_;_;_;_;_;@es1944m-words#@es1944m#203.031#203.387
378;#смех#;#смех#;X;_;_;_;_;_;@es1944m-words#@es1944m#203.387#203.758
379;э;э;X;_;_;_;_;_;@es1944m-words#@es1944m#212.326#212.718
380;/;/;PUNCT;_;_;_;_;_;@es1944m-words#@es1944m#212.718#213.11
381;в;в;ADP;_;_;_;_;_;@es1944m-words#@es1944m#213.11#213.502
382;винздоре;винздор;NOUN;_;Animacy=Inan|Case=Loc|Gender=Masc|Number=Sing;_;_;_;@es1944m-words#@es1944m#213.502#213.894
383;вот;вот;PART;_;_;_;_;_;@es1944m-words#@es1944m#213.894#214.286
384;как;как;SCONJ;_;_;_;_;_;@es1944m-words#@es1944m#214.286#214.678
385;раз;раз;NOUN;_;Animacy=Inan|Case=Acc|Gender=Masc|Number=Sing;_;_;_;@es1944m-words#@es1944m#214.678#215.07
386;/;/;PUNCT;_;_;_;_;_;@es1944m-words#@es1944m#215.07#215.462
387;да;да;INTJ;_;_;_;_;_;@es1944m-words#@es1944m#215.462#215.854
388;/;/;PUNCT;_;_;_;_;_;@es1944m-words#@es1944m#215.854#216.246
389;передо;перед;ADP;_;_;_;_;_;@es1944m-words#@es1944m#216.246#216.638
390;мной;я;PRON;_;Case=Ins|Number=Sing|Person=1;_;_;_;@es1944m-words#@es1944m#216.638#217.03
391;выступа…;выступа…;X;_;_;_;_;_;@es1944m-words#@es1944m#217.03#217.422
392;передо;перед;ADP;_;_;_;_;_;@es1944m-words#@es1944m#217.422#217.814
393;мной;я;PRON;_;Case=Ins|Number=Sing|Person=1;_;_;_;@es1944m-words#@es1944m#217.814#218.206
394;малой;малый;NOUN;_;Animacy=Inan|Case=Ins|Gender=Fem|Number=Sing;_;_;_;@es1944m-words#@es1944m#218.206#218.598
395;выступал;выступать;VERB;_;Aspect=Imp|Gender=Masc|Mood=Ind|Number=Sing|Tense=Past|VerbForm=Fin|Voice=Act;_;_;_;@es1944m-words#@es1944m#218.598#218.99
396;/;/;PUNCT;_;_;_;_;_;@es1944m-words#@es1944m#218.99#219.382
397;и;и;CCONJ;_;_;_;_;_;@es1944m-words#@es1944m#219.382#219.774
398;во;во;ADP;_;_;_;_;_;@es1944m-words#@es1944m#219.774#220.166
399;время;время;NOUN;_;Animacy=Inan|Case=Acc|Gender=Neut|Number=Sing;_;_;_;@es1944m-words#@es1944m#220.166#220.558
400;него;он;PRON;_;Case=Acc|Gender=Masc|Number=Sing|Person=3;_;_;_;@es1944m-words#@es1944m#220.558#220.95
401;Марат;Марат;PROPN;_;Animacy=Anim|Case=Nom|Gender=Masc|Number=Sing;_;_;_;@es1944m-words#@es1944m#220.95#221.342
402;закусился;закуситься;VERB;_;Aspect=Perf|Gender=Masc|Mood=Ind|Number=Sing|Tense=Past|VerbForm=Fin|Voice=Mid;_;_;_;@es1944m-words#@es1944m#221.342#221.734
403;со;с;ADP;_;_;_;_;_;@es1944m-words#@es1944m#221.734#222.126
404;зрителем;зритель;NOUN;_;Animacy=Anim|Case=Ins|Gender=Masc|Number=Sing;_;_;_;@es1944m-words#@es1944m#222.126#222.518
405;каким;какой;DET;_;Case=Ins|Gender=Masc|Number=Sing;_;_;_;@es1944m-words#@es1944m#222.518#222.91
406;то;то;PART;_;_;_;_;_;@es1944m-words#@es1944m#222.518#222.91
407;и;и;CCONJ;_;_;_;_;_;@es1944m-words#@es1944m#222.91#223.302
408;они;они;PRON;_;Case=Nom|Number=Plur|Person=3;_;_;_;@es1944m-words#@es1944m#223.302#223.694
409;вышли;выйти;VERB;_;Aspect=Perf|Mood=Ind|Number=Plur|Tense=Past|VerbForm=Fin|Voice=Act;_;_;_;@es1944m-words#@es1944m#223.694#224.086
410;/;/;PUNCT;_;_;_;_;_;@es1944m-words#@es1944m#224.086#224.478
411;пиздиться;пиздиться;VERB;_;Aspect=Imp|VerbForm=Inf|Voice=Pass;_;_;_;@es1944m-words#@es1944m#224.478#224.896
412;ну;ну;PART;_;_;_;_;_;@es1944m-words#@es1944m#232.137#232.416
413;и;и;CCONJ;_;_;_;_;_;@es1944m-words#@es1944m#232.416#232.695
414;вот;вот;PART;_;_;_;_;_;@es1944m-words#@es1944m#232.695#232.974
415;я;я;PRON;_;Case=Nom|Number=Sing|Person=1;_;_;_;@es1944m-words#@es1944m#232.974#233.253
416;вышел;выйти;VERB;_;Aspect=Perf|Gender=Masc|Mood=Ind|Number=Sing|Tense=Past|VerbForm=Fin|Voice=Act;_;_;_;@es1944m-words#@es1944m#233.253#233.532
417;ещё;ещё;ADV;_;Degree=Pos;_;_;_;@es1944m-words#@es1944m#233.532#233.811
418;из-за;из-за;ADP;_;_;_;_;_;@es1944m-words#@es1944m#233.811#234.09
419;этого;это;PRON;_;Animacy=Inan|Case=Gen|Gender=Neut|Number=Sing;_;_;_;@es1944m-words#@es1944m#234.09#234.369
420;[нрзб];[нрзб];X;_;_;_;_;_;@es1944m-words#@es1944m#234.369#234.648
421;но;но;CCONJ;_;_;_;_;_;@es1944m-words#@es1944m#234.648#234.927
422;я;я;PRON;_;Case=Nom|Number=Sing|Person=1;_;_;_;@es1944m-words#@es1944m#234.927#235.206
423;как;как;SCONJ;_;_;_;_;_;@es1944m-words#@es1944m#235.206#235.485
424;то;тот;SCONJ;_;_;_;_;_;@es1944m-words#@es1944m#235.485#235.764
425;такой;такой;DET;_;Case=Nom|Gender=Masc|Number=Sing;_;_;_;@es1944m-words#@es1944m#235.764#236.043
426;тип;тип;NOUN;_;Animacy=Inan|Case=Nom|Gender=Masc|Number=Sing;_;_;_;@es1944m-words#@es1944m#236.043#236.322
427;оо;оо;ADV;_;Degree=Pos;_;_;_;@es1944m-words#@es1944m#236.322#236.601
428;первое;первый;ADJ;_;Case=Acc|Degree=Pos|Gender=Neut|Number=Sing;_;_;_;@es1944m-words#@es1944m#236.601#236.88
429;выступление;выступление;NOUN;_;Animacy=Inan|Case=Acc|Gender=Neut|Number=Sing;_;_;_;@es1944m-words#@es1944m#236.88#237.159
430;и;и;CCONJ;_;_;_;_;_;@es1944m-words#@es1944m#237.159#237.438
431;я;я;PRON;_;Case=Nom|Number=Sing|Person=1;_;_;_;@es1944m-words#@es1944m#237.438#237.717
432;типа;тип;NOUN;_;Animacy=Inan|Case=Gen|Gender=Masc|Number=Sing;_;_;_;@es1944m-words#@es1944m#237.717#237.996
433;мало;мало;ADV;_;Degree=Pos;_;_;_;@es1944m-words#@es1944m#237.996#238.275
434;сыковал;сыковать;VERB;_;Aspect=Perf|Gender=Masc|Mood=Ind|Number=Sing|Tense=Past|VerbForm=Fin|Voice=Act;_;_;_;@es1944m-words#@es1944m#238.275#238.554
435;/;/;PUNCT;_;_;_;_;_;@es1944m-words#@es1944m#238.554#238.833
436;короче;коротко;ADV;_;Degree=Cmp;_;_;_;@es1944m-words#@es1944m#238.833#239.112
437;там;там;ADV;_;Degree=Pos;_;_;_;@es1944m-words#@es1944m#239.112#239.391
438;много;много;ADV;_;Degree=Pos;_;_;_;@es1944m-words#@es1944m#239.391#239.67
439;наверно;наверно;ADV;_;Degree=Pos;_;_;_;@es1944m-words#@es1944m#239.67#239.949
440;смеялись;смеяться;VERB;_;Aspect=Perf|Mood=Ind|Number=Plur|Tense=Past|VerbForm=Fin|Voice=Mid;_;_;_;@es1944m-words#@es1944m#239.949#240.228
441;из-за;из-за;ADP;_;_;_;_;_;@es1944m-words#@es1944m#240.228#240.507
442;того;то;PRON;_;Animacy=Inan|Case=Gen|Gender=Neut|Number=Sing;_;_;_;@es1944m-words#@es1944m#240.507#240.786
443;что;что;SCONJ;_;_;_;_;_;@es1944m-words#@es1944m#240.786#241.065
444;я;я;PRON;_;Case=Nom|Number=Sing|Person=1;_;_;_;@es1944m-words#@es1944m#241.065#241.344
445;очень;очень;ADV;_;Degree=Pos;_;_;_;@es1944m-words#@es1944m#241.344#241.623
446;неуверенно;неуверенно;ADV;_;Degree=Pos;_;_;_;@es1944m-words#@es1944m#241.623#241.902
447;выглядел;выглядеть;VERB;_;Aspect=Imp|Gender=Masc|Mood=Ind|Number=Sing|Tense=Past|VerbForm=Fin|Voice=Act;_;_;_;@es1944m-words#@es1944m#241.902#242.181
448;/;/;PUNCT;_;_;_;_;_;@es1944m-words#@es1944m#242.181#242.46
449;но;но;CCONJ;_;_;_;_;_;@es1944m-words#@es1944m#242.46#242.739
450;это;это;PRON;_;Animacy=Inan|Case=Nom|Gender=Neut|Number=Sing;_;_;_;@es1944m-words#@es1944m#242.739#243.018
451;мне;я;PRON;_;Case=Dat|Number=Sing|Person=1;_;_;_;@es1944m-words#@es1944m#243.018#243.297
452;дало;дать;VERB;_;Aspect=Imp|Gender=Neut|Mood=Ind|Number=Sing|Tense=Past|VerbForm=Fin|Voice=Act;_;_;_;@es1944m-words#@es1944m#243.297#243.576
453;такой;такой;DET;_;Case=Acc|Gender=Masc|Number=Sing;_;_;_;@es1944m-words#@es1944m#243.576#243.855
454;толчок;толчок;NOUN;_;Animacy=Inan|Case=Acc|Gender=Masc|Number=Sing;_;_;_;@es1944m-words#@es1944m#243.855#244.134
455;что;что;PRON;_;Case=Acc;_;_;_;@es1944m-words#@es1944m#244.134#244.413
456;/;/;PUNCT;_;_;_;_;_;@es1944m-words#@es1944m#244.413#244.692
457;вроде;вроде;ADV;_;Degree=Pos;_;_;_;@es1944m-words#@es1944m#244.692#244.971
458;/;/;PUNCT;_;_;_;_;_;@es1944m-words#@es1944m#244.971#245.25
459;я;я;PRON;_;Case=Nom|Number=Sing|Person=1;_;_;_;@es1944m-words#@es1944m#245.25#245.529
460;/;/;PUNCT;_;_;_;_;_;@es1944m-words#@es1944m#245.529#245.808
461;смешной;смешной;ADJ;_;Case=Ins|Degree=Pos|Gender=Fem|Number=Sing;_;_;_;@es1944m-words#@es1944m#245.808#246.087
462;/;/;PUNCT;_;_;_;_;_;@es1944m-words#@es1944m#246.087#246.366
463;чувак;чувак;ADV;_;Degree=Pos;_;_;_;@es1944m-words#@es1944m#246.366#246.645
464;/;/;PUNCT;_;_;_;_;_;@es1944m-words#@es1944m#246.645#246.924
465;короче;коротко;ADV;_;Degree=Cmp;_;_;_;@es1944m-words#@es1944m#246.924#247.203
466;/;/;PUNCT;_;_;_;_;_;@es1944m-words#@es1944m#247.203#247.482
467;позитивно;позитивно;ADV;_;Degree=Pos;_;_;_;@es1944m-words#@es1944m#247.482#247.793
468;да;да;PART;_;_;_;_;_;@es1944m-words#@es1944m#248.689#248.896
469;/;/;PUNCT;_;_;_;_;_;@es1944m-words#@es1944m#248.896#249.103
470;да;да;PART;_;_;_;_;_;@es1944m-words#@es1944m#249.103#249.31
471;о;о;ADP;_;_;_;_;_;@es1944m-words#@es1944m#259.275#259.702
472;приятно;приятно;ADV;_;Degree=Pos;_;_;_;@es1944m-words#@es1944m#259.702#260.129
473;это;это;PRON;_;Animacy=Inan|Case=Nom|Gender=Neut|Number=Sing;_;_;_;@es1944m-words#@es1944m#260.129#260.556
474;воз…;воз…;X;_;_;_;_;_;@es1944m-words#@es1944m#260.556#260.983
475;видимо;видимо;ADV;_;Degree=Pos;_;_;_;@es1944m-words#@es1944m#260.983#261.41
476;ещё;ещё;ADV;_;Degree=Pos;_;_;_;@es1944m-words#@es1944m#261.41#261.837
477;не;не;PART;_;_;_;_;_;@es1944m-words#@es1944m#261.837#262.264
478;разбитое;разбить;ADJ;_;Case=Nom|Degree=Pos|Gender=Neut|Number=Sing;_;_;_;@es1944m-words#@es1944m#262.264#262.691
479;сердце;сердце;NOUN;_;Animacy=Inan|Case=Nom|Gender=Neut|Number=Sing;_;_;_;@es1944m-words#@es1944m#262.691#263.118
480;#смех#;#смех#;X;_;Animacy=Inan|Case=Gen|Gender=Fem|Number=Sing;_;_;_;@es1944m-words#@es1944m#263.118#263.551
481;аккуратнее;аккуратный;ADJ;_;Animacy=Inan|Degree=Sup|Number=Sing;_;_;_;@es1944m-words#@es1944m#265.051#265.677
482;девочка;девочка;NOUN;_;Animacy=Anim|Case=Nom|Gender=Fem|Number=Sing;_;_;_;@es1944m-words#@es1944m#265.677#266.303
483;#смех#;#смех#;X;_;_;_;_;_;@es1944m-words#@es1944m#266.303#266.931
484;напряжённых;напряжённый;ADJ;_;Case=Gen|Degree=Pos|Number=Plur;_;_;_;@es1944m-words#@es1944m#270.808#271.2
485;отношения;отношение;NOUN;_;Animacy=Inan|Case=Gen|Gender=Neut|Number=Sing;_;_;_;@es1944m-words#@es1944m#271.2#271.592
486;нет;нет;VERB;_;Aspect=Imp|Mood=Ind|Number=Sing|Person=3|Tense=Pres|VerbForm=Fin|Voice=Act;_;_;_;@es1944m-words#@es1944m#271.592#271.984
487;я;я;PRON;_;Case=Nom|Number=Sing|Person=1;_;_;_;@es1944m-words#@es1944m#271.984#272.376
488;просто;просто;PART;_;_;_;_;_;@es1944m-words#@es1944m#272.376#272.768
489;в целом;в целом;ADV;_;Degree=Pos;_;_;_;@es1944m-words#@es1944m#272.768#273.16
490;/;/;PUNCT;_;_;_;_;_;@es1944m-words#@es1944m#273.552#273.944
491;э;э;X;_;_;_;_;_;@es1944m-words#@es1944m#273.944#274.336
492;/;/;PUNCT;_;_;_;_;_;@es1944m-words#@es1944m#274.336#274.728
493;так;так;ADV;_;Degree=Pos;_;_;_;@es1944m-words#@es1944m#274.728#275.12
494;/;/;PUNCT;_;_;_;_;_;@es1944m-words#@es1944m#275.12#275.512
495;как;как;SCONJ;_;_;_;_;_;@es1944m-words#@es1944m#275.512#275.904
496;будто;будто;PART;_;_;_;_;_;@es1944m-words#@es1944m#275.904#276.296
497;/;/;PUNCT;_;_;_;_;_;@es1944m-words#@es1944m#276.296#276.688
498;не;не;PART;_;_;_;_;_;@es1944m-words#@es1944m#276.688#277.08
499;особо;особо;ADV;_;Degree=Pos;_;_;_;@es1944m-words#@es1944m#277.08#277.472
500;социальный;социальный;ADJ;_;Case=Nom|Degree=Pos|Gender=Masc|Number=Sing;_;_;_;@es1944m-words#@es1944m#277.472#277.864
501;чувак;чувак;NOUN;_;Animacy=Inan|Case=Nom|Gender=Masc|Number=Sing;_;_;_;@es1944m-words#@es1944m#277.864#278.256
502;/;/;PUNCT;_;_;_;_;_;@es1944m-words#@es1944m#278.256#278.648
503;и;и;CCONJ;_;_;_;_;_;@es1944m-words#@es1944m#278.648#279.04
504;именно;именно;PART;_;_;_;_;_;@es1944m-words#@es1944m#279.04#279.432
505;как;как;SCONJ;_;_;_;_;_;@es1944m-words#@es1944m#279.432#279.824
506;со;с;ADP;_;_;_;_;_;@es1944m-words#@es1944m#279.824#280.216
507;всеми;весь;DET;_;Case=Ins|Number=Plur;_;_;_;@es1944m-words#@es1944m#280.216#280.608
508;людьми;человек;NOUN;_;Animacy=Anim|Case=Ins|Gender=Masc|Number=Plur;_;_;_;@es1944m-words#@es1944m#280.608#281.0
509;у;у;ADP;_;_;_;_;_;@es1944m-words#@es1944m#281.0#281.392
510;меня;я;PRON;_;Case=Gen|Number=Sing|Person=1;_;_;_;@es1944m-words#@es1944m#281.392#281.784
511;бывает;бывать;VERB;_;Aspect=Imp|Mood=Ind|Number=Sing|Person=3|Tense=Pres|VerbForm=Fin|Voice=Act;_;_;_;@es1944m-words#@es1944m#281.784#282.176
512;что;что;PRON;_;Case=Nom;_;_;_;@es1944m-words#@es1944m#282.176#282.568
513;просто;просто;PART;_;_;_;_;_;@es1944m-words#@es1944m#282.568#282.96
514;тяжело;тяжело;ADV;_;Degree=Pos;_;_;_;@es1944m-words#@es1944m#282.96#283.352
515;/;/;PUNCT;_;_;_;_;_;@es1944m-words#@es1944m#283.352#283.744
516;а;а;CCONJ;_;_;_;_;_;@es1944m-words#@es1944m#283.744#284.136
517;/;/;PUNCT;_;_;_;_;_;@es1944m-words#@es1944m#284.136#284.528
518;общаться;общаться;VERB;_;Aspect=Imp|VerbForm=Inf|Voice=Mid;_;_;_;@es1944m-words#@es1944m#284.528#284.92
519;/;/;PUNCT;_;_;_;_;_;@es1944m-words#@es1944m#284.92#285.312
520;э;э;X;_;_;_;_;_;@es1944m-words#@es1944m#285.312#285.704
521;/;/;PUNCT;_;_;_;_;_;@es1944m-words#@es1944m#285.704#286.096
522;но;но;CCONJ;_;_;_;_;_;@es1944m-words#@es1944m#286.096#286.488
523;каких;какой;DET;_;Case=Gen|Number=Plur;_;_;_;@es1944m-words#@es1944m#286.488#286.88
524;то;то;SCONJ;_;_;_;_;_;@es1944m-words#@es1944m#286.88#287.275
525;я;я;PRON;_;Case=Nom|Number=Sing|Person=1;_;_;_;@es1944m-words#@es1944m#292.896#293.099
526;не;не;PART;_;_;_;_;_;@es1944m-words#@es1944m#293.099#293.302
527;знаю;знать;VERB;_;Aspect=Imp|Mood=Ind|Number=Sing|Person=1|Tense=Pres|VerbForm=Fin|Voice=Act;_;_;_;@es1944m-words#@es1944m#293.302#293.505
528;/;/;PUNCT;_;_;_;_;_;@es1944m-words#@es1944m#293.505#293.708
529;я;я;PRON;_;Case=Nom|Number=Sing|Person=1;_;_;_;@es1944m-words#@es1944m#293.708#293.911
530;вообще;вообще;ADV;_;Degree=Pos;_;_;_;@es1944m-words#@es1944m#293.911#294.114
531;не..;не..;X;_;_;_;_;_;@es1944m-words#@es1944m#294.114#294.317
532;не;не;PART;_;_;_;_;_;@es1944m-words#@es1944m#294.317#294.52
533;пойму;понять;NOUN;_;Animacy=Inan|Case=Acc|Gender=Fem|Number=Sing;_;_;_;@es1944m-words#@es1944m#294.52#294.724
534;оо;оо;X;_;_;_;_;_;@es1944m-words#@es1944m#297.0#297.497
535;/;/;PUNCT;_;_;_;_;_;@es1944m-words#@es1944m#297.497#297.994
536;[нрзб];[нрзб];X;_;_;_;_;_;@es1944m-words#@es1944m#297.994#298.491
537;как;как;SCONJ;_;_;_;_;_;@es1944m-words#@es1944m#316.172#316.379
538;у;у;ADP;_;_;_;_;_;@es1944m-words#@es1944m#316.379#316.586
539;буратино;буратино;NOUN;_;Animacy=Inan|Case=Gen|Gender=Neut|Number=Sing;_;_;_;@es1944m-words#@es1944m#316.586#316.793
540;да;да;CCONJ;_;_;_;_;_;@es1944m-words#@es1944m#321.482#321.769
541;/;/;PUNCT;_;_;_;_;_;@es1944m-words#@es1944m#321.769#322.056
542;да;да;PART;_;_;_;_;_;@es1944m-words#@es1944m#322.056#322.344
543;о;о;X;_;_;_;_;_;@es1944m-words#@es1944m#328.793#329.034
544;/;/;PUNCT;_;_;_;_;_;@es1944m-words#@es1944m#329.034#329.275
545;у;у;ADP;_;_;_;_;_;@es1944m-words#@es1944m#329.275#329.516
546;тебя;ты;PRON;_;Case=Gen|Number=Sing|Person=2;_;_;_;@es1944m-words#@es1944m#329.516#329.757
547;же;же;PART;_;_;_;_;_;@es1944m-words#@es1944m#329.757#329.998
548;была;быть;AUX;_;Aspect=Imp|Gender=Fem|Mood=Ind|Number=Sing|Tense=Past|VerbForm=Fin|Voice=Act;_;_;_;@es1944m-words#@es1944m#329.998#330.239
549;/;/;PUNCT;_;_;_;_;_;@es1944m-words#@es1944m#330.239#330.48
550;какая;какой;DET;_;Case=Nom|Gender=Fem|Number=Sing;_;_;_;@es1944m-words#@es1944m#330.48#330.721
551;то;то;PART;_;_;_;_;_;@es1944m-words#@es1944m#330.48#330.721
552;фотка;фотка;NOUN;_;Animacy=Inan|Case=Nom|Gender=Fem|Number=Sing;_;_;_;@es1944m-words#@es1944m#330.721#330.962
553;есть;быть;VERB;_;Aspect=Imp|Mood=Ind|Number=Sing|Person=3|Tense=Pres|VerbForm=Fin|Voice=Act;_;_;_;@es1944m-words#@es1944m#330.962#331.203
554;где;где;ADV;_;Degree=Pos;_;_;_;@es1944m-words#@es1944m#331.203#331.444
555;ты;ты;PRON;_;Case=Nom|Number=Sing|Person=2;_;_;_;@es1944m-words#@es1944m#331.444#331.685
556;/;/;PUNCT;_;_;_;_;_;@es1944m-words#@es1944m#331.685#331.926
557;где;где;ADV;_;Degree=Pos;_;_;_;@es1944m-words#@es1944m#331.926#332.167
558;у;у;ADP;_;_;_;_;_;@es1944m-words#@es1944m#332.167#332.408
559;тебя;ты;PRON;_;Case=Gen|Number=Sing|Person=2;_;_;_;@es1944m-words#@es1944m#332.408#332.649
560;довольно;довольно;ADV;_;Degree=Pos;_;_;_;@es1944m-words#@es1944m#332.649#332.89
561;длинные;длинный;ADJ;_;Case=Nom|Degree=Pos|Number=Plur;_;_;_;@es1944m-words#@es1944m#332.89#333.131
562;как;как;ADV;_;Degree=Pos;_;_;_;@es1944m-words#@es1944m#333.131#333.372
563;будто;будто;PART;_;_;_;_;_;@es1944m-words#@es1944m#333.372#333.613
564;волосы;волос;NOUN;_;Animacy=Inan|Case=Nom|Gender=Masc|Number=Plur;_;_;_;@es1944m-words#@es1944m#333.613#333.862
565;ну;ну;INTJ;_;_;_;_;_;@es1944m-words#@es1944m#336.689#336.976
566;ты;ты;PRON;_;Case=Nom|Number=Sing|Person=2;_;_;_;@es1944m-words#@es1944m#336.976#337.263
567;как;как;SCONJ;_;_;_;_;_;@es1944m-words#@es1944m#337.263#337.55
568;эмо;эмо;NOUN;_;Case=Nom|Gender=Neut|Number=Sing;_;_;_;@es1944m-words#@es1944m#337.55#337.837
569;выглядел;выглядеть;VERB;_;Aspect=Imp|Gender=Masc|Mood=Ind|Number=Sing|Tense=Past|VerbForm=Fin|Voice=Act;_;_;_;@es1944m-words#@es1944m#337.837#338.124
570;тогда;тогда;ADV;_;Degree=Pos;_;_;_;@es1944m-words#@es1944m#338.124#338.413
571;ну;ну;PART;_;_;_;_;_;@es1944m-words#@es1944m#339.977#340.353
572;Вове;Вова;PROPN;_;Animacy=Anim|Case=Loc|Gender=Masc|Number=Sing;_;_;_;@es1944m-words#@es1944m#340.353#340.729
573;кстати;кстати;ADV;_;Degree=Pos;_;_;_;@es1944m-words#@es1944m#340.729#341.105
574;можно;можно;VERB;_;Degree=Pos;_;_;_;@es1944m-words#@es1944m#341.105#341.481
575;доверять;доверять;VERB;_;Aspect=Imp|VerbForm=Inf|Voice=Act;_;_;_;@es1944m-words#@es1944m#341.481#341.857
576;он;он;PRON;_;Case=Nom|Gender=Masc|Number=Sing|Person=3;_;_;_;@es1944m-words#@es1944m#341.857#342.233
577;номер;номер;NOUN;_;Animacy=Inan|Case=Acc|Gender=Masc|Number=Sing;_;_;_;@es1944m-words#@es1944m#342.233#342.609
578;два;два;NUM;_;Animacy=Inan|Case=Acc|Gender=Masc;_;_;_;@es1944m-words#@es1944m#342.609#342.985
579;по;по;ADP;_;_;_;_;_;@es1944m-words#@es1944m#342.985#343.361
580;разбиванию;разбивание;NOUN;_;Animacy=Inan|Case=Dat|Gender=Neut|Number=Sing;_;_;_;@es1944m-words#@es1944m#343.361#343.737
581;сердец;сердце;NOUN;_;Case=Gen|Gender=Neut|Number=Plur;_;_;_;@es1944m-words#@es1944m#343.737#344.113
582;в;в;ADP;_;_;_;_;_;@es1944m-words#@es1944m#344.113#344.489
583;стенд-ап;стенд-ап;NOUN;_;Animacy=Inan|Case=Acc|Gender=Masc|Number=Sing;_;_;_;@es1944m-words#@es1944m#344.489#344.865
584;клубе;клуб;NOUN;_;Animacy=Inan|Case=Dat|Gender=Fem|Number=Sing;_;_;_;@es1944m-words#@es1944m#345.241#345.617
585;#смех#;#смех#;X;_;_;_;_;_;@es1944m-words#@es1944m#345.617#346.0
586;ээ;ээ;X;_;Foreign=Yes;_;_;_;@vb1988m-words#@vb1988m#0.006#0.511
587;/;/;PUNCT;_;_;_;_;_;@vb1988m-words#@vb1988m#0.511#1.016
588;так;так;ADV;_;Degree=Pos;_;_;_;@vb1988m-words#@vb1988m#1.016#1.521
589;вернёмся;вернёться;VERB;_;Aspect=Perf|Mood=Ind|Number=Plur|Person=1|Tense=Fut|VerbForm=Fin|Voice=Mid;_;_;_;@vb1988m-words#@vb1988m#1.521#2.026
590;к;к;ADP;_;_;_;_;_;@vb1988m-words#@vb1988m#2.026#2.531
591;вопросу;вопрос;NOUN;_;Animacy=Inan|Case=Dat|Gender=Masc|Number=Sing;_;_;_;@vb1988m-words#@vb1988m#2.531#3.036
592;/;/;PUNCT;_;_;_;_;_;@vb1988m-words#@vb1988m#3.036#3.541
593;эм;эм;X;_;_;_;_;_;@vb1988m-words#@vb1988m#3.541#4.046
594;/;/;PUNCT;_;_;_;_;_;@vb1988m-words#@vb1988m#4.046#4.551
595;Женёк;Женёк;PROPN;_;Animacy=Inan|Case=Nom|Gender=Masc|Number=Sing;_;_;_;@vb1988m-words#@vb1988m#4.551#5.056
596;/;/;PUNCT;_;_;_;_;_;@vb1988m-words#@vb1988m#5.056#5.561
597;разбивал;разбивать;VERB;_;Aspect=Imp|Gender=Masc|Mood=Ind|Number=Sing|Tense=Past|VerbForm=Fin|Voice=Act;_;_;_;@vb1988m-words#@vb1988m#5.561#6.066
598;ли;ли;PART;_;_;_;_;_;@vb1988m-words#@vb1988m#6.066#6.571
599;ты;ты;PRON;_;Case=Nom|Number=Sing|Person=2;_;_;_;@vb1988m-words#@vb1988m#6.571#7.076
600;кому;кто;PRON;_;Case=Dat;_;_;_;@vb1988m-words#@vb1988m#7.076#7.581
601;то;то;PART;_;_;_;_;_;@vb1988m-words#@vb1988m#7.076#7.581
602;сердце;сердце;NOUN;_;Animacy=Inan|Case=Acc|Gender=Neut|Number=Sing;_;_;_;@vb1988m-words#@vb1988m#7.581#8.094
603;ну;ну;PART;_;_;_;_;_;@vb1988m-words#@vb1988m#26.517#27.238
604;реально;реально;ADV;_;Degree=Pos;_;_;_;@vb1988m-words#@vb1988m#27.238#27.959
605;почему;почему;ADV;_;Degree=Pos;_;_;_;@vb1988m-words#@vb1988m#30.683#30.899
606;ты;ты;PRON;_;Case=Nom|Number=Sing|Person=2;_;_;_;@vb1988m-words#@vb1988m#30.899#31.115
607;разбил;разбить;VERB;_;Aspect=Perf|Gender=Masc|Mood=Ind|Number=Sing|Tense=Past|VerbForm=Fin|Voice=Act;_;_;_;@vb1988m-words#@vb1988m#31.115#31.331
608;сердце;сердце;NOUN;_;Animacy=Inan|Case=Acc|Gender=Neut|Number=Sing;_;_;_;@vb1988m-words#@vb1988m#31.331#31.547
609;/;/;PUNCT;_;_;_;_;_;@vb1988m-words#@vb1988m#31.547#31.763
610;возможно;возможный;ADJ;_;Degree=Pos|Gender=Neut|Number=Sing|Variant=Short;_;_;_;@vb1988m-words#@vb1988m#31.763#31.979
611;это;это;PRON;_;Animacy=Inan|Case=Nom|Gender=Neut|Number=Sing;_;_;_;@vb1988m-words#@vb1988m#31.979#32.195
612;она;она;PRON;_;Case=Nom|Gender=Fem|Number=Sing|Person=3;_;_;_;@vb1988m-words#@vb1988m#32.195#32.411
613;пишет;писать;VERB;_;Aspect=Imp|Mood=Ind|Number=Sing|Person=3|Tense=Pres|VerbForm=Fin|Voice=Act;_;_;_;@vb1988m-words#@vb1988m#32.411#32.627
614;она;она;PRON;_;Case=Nom|Gender=Fem|Number=Sing|Person=3;_;_;_;@vb1988m-words#@vb1988m#32.627#32.843
615;не;не;PART;_;_;_;_;_;@vb1988m-words#@vb1988m#32.843#33.059
616;знает;знать;VERB;_;Aspect=Imp|Mood=Ind|Number=Sing|Person=3|Tense=Pres|VerbForm=Fin|Voice=Act;_;_;_;@vb1988m-words#@vb1988m#33.059#33.275
617;почему;почему;ADV;_;Degree=Pos;_;_;_;@vb1988m-words#@vb1988m#33.275#33.491
618;ты;ты;PRON;_;Case=Nom|Number=Sing|Person=2;_;_;_;@vb1988m-words#@vb1988m#33.491#33.707
619;ей;она;PRON;_;Case=Dat|Gender=Fem|Number=Sing|Person=3;_;_;_;@vb1988m-words#@vb1988m#33.707#33.923
620;разбил;разбить;VERB;_;Aspect=Perf|Gender=Masc|Mood=Ind|Number=Sing|Tense=Past|VerbForm=Fin|Voice=Act;_;_;_;@vb1988m-words#@vb1988m#33.923#34.139
621;сердце;сердце;NOUN;_;Animacy=Inan|Case=Acc|Gender=Neut|Number=Sing;_;_;_;@vb1988m-words#@vb1988m#34.139#34.355
622;/;/;PUNCT;_;_;_;_;_;@vb1988m-words#@vb1988m#34.355#34.571
623;почему;почему;ADV;_;Degree=Pos;_;_;_;@vb1988m-words#@vb1988m#34.571#34.787
624;ты;ты;PRON;_;Case=Nom|Number=Sing|Person=2;_;_;_;@vb1988m-words#@vb1988m#34.787#35.003
625;ушёл;уйти;VERB;_;Aspect=Perf|Gender=Masc|Mood=Ind|Number=Sing|Tense=Past|VerbForm=Fin|Voice=Act;_;_;_;@vb1988m-words#@vb1988m#35.003#35.219
626;/;/;PUNCT;_;_;_;_;_;@vb1988m-words#@vb1988m#35.219#35.435
627;Женёк;Женёк;NOUN;_;Animacy=Anim|Case=Nom|Gender=Masc|Number=Sing;_;_;_;@vb1988m-words#@vb1988m#35.435#35.653
628;#смех#;#смех#;X;_;_;_;_;_;@vb1988m-words#@vb1988m#50.192#50.71
629;свободный;свободный;ADJ;_;Case=Nom|Degree=Pos|Gender=Masc|Number=Sing;_;_;_;@vb1988m-words#@vb1988m#50.71#51.228
630;удмурт;удмурт;NOUN;_;Animacy=Inan|Case=Nom|Gender=Masc|Number=Sing;_;_;_;@vb1988m-words#@vb1988m#51.228#51.746
631;/;/;PUNCT;_;_;_;_;_;@vb1988m-words#@vb1988m#51.746#52.264
632;э;э;X;_;_;_;_;_;@vb1988m-words#@vb1988m#52.264#52.782
633;[нрзб];[нрзб];X;_;_;_;_;_;@vb1988m-words#@vb1988m#52.782#53.3
634;капсом;капс;NOUN;_;Animacy=Inan|Case=Ins|Gender=Masc|Number=Sing;_;_;_;@vb1988m-words#@vb1988m#53.3#53.818
635;написано;писать;VERB;_;Aspect=Perf|Gender=Neut|Number=Sing|Tense=Past|Variant=Short|VerbForm=Part|Voice=Pass;_;_;_;@vb1988m-words#@vb1988m#53.818#54.336
636;/;/;PUNCT;_;_;_;_;_;@vb1988m-words#@vb1988m#54.336#54.854
637;занимаюсь;заниматься;VERB;_;Aspect=Imp|Mood=Ind|Number=Sing|Person=1|Tense=Pres|VerbForm=Fin|Voice=Mid;_;_;_;@vb1988m-words#@vb1988m#54.854#55.372
638;стенд-апом;стенд-ап;NOUN;_;Animacy=Inan|Case=Acc|Gender=Masc|Number=Sing;_;_;_;@vb1988m-words#@vb1988m#55.372#55.89
639;в;в;ADP;_;_;_;_;_;@vb1988m-words#@vb1988m#56.408#56.926
640;Таджикистане;Таджикистан;PROPN;_;Animacy=Inan|Case=Loc|Gender=Masc|Number=Sing;_;_;_;@vb1988m-words#@vb1988m#56.926#57.444
641;/;/;PUNCT;_;_;_;_;_;@vb1988m-words#@vb1988m#57.444#57.962
642;чуваки;чувак;NOUN;_;Animacy=Anim|Case=Nom|Gender=Masc|Number=Plur;_;_;_;@vb1988m-words#@vb1988m#57.962#58.48
643;/;/;PUNCT;_;_;_;_;_;@vb1988m-words#@vb1988m#58.48#58.998
644;дайте;дать;VERB;_;Aspect=Perf|Mood=Imp|Number=Plur|Person=2|VerbForm=Fin|Voice=Act;_;_;_;@vb1988m-words#@vb1988m#58.998#59.516
645;советов;совет;NOUN;_;Animacy=Inan|Case=Gen|Gender=Masc|Number=Plur;_;_;_;@vb1988m-words#@vb1988m#59.516#60.034
646;/;/;PUNCT;_;_;_;_;_;@vb1988m-words#@vb1988m#60.034#60.552
647;Женёк;Женёк;PROPN;_;Animacy=Inan|Case=Nom|Gender=Masc|Number=Sing;_;_;_;@vb1988m-words#@vb1988m#60.552#61.076
648;дашь;дать;VERB;_;Aspect=Imp|Mood=Ind|Number=Sing|Person=2|Tense=Pres|VerbForm=Fin|Voice=Act;_;_;_;@vb1988m-words#@vb1988m#62.384#62.711
649;совет;совет;NOUN;_;Animacy=Inan|Case=Acc|Gender=Masc|Number=Sing;_;_;_;@vb1988m-words#@vb1988m#62.711#63.038
650;ээ;ээ;X;_;_;_;_;_;@vb1988m-words#@vb1988m#70.705#71.036
651;/;/;PUNCT;_;_;_;_;_;@vb1988m-words#@vb1988m#71.036#71.367
652;Женёк;Женёк;PROPN;_;Animacy=Inan|Case=Nom|Gender=Masc|Number=Sing;_;_;_;@vb1988m-words#@vb1988m#71.367#71.698
653;/;/;PUNCT;_;_;_;_;_;@vb1988m-words#@vb1988m#71.698#72.029
654;н…;н…;X;_;_;_;_;_;@vb1988m-words#@vb1988m#72.029#72.36
655;начал;начать;VERB;_;Aspect=Perf|Gender=Masc|Mood=Ind|Number=Sing|Tense=Past|VerbForm=Fin|Voice=Act;_;_;_;@vb1988m-words#@vb1988m#72.36#72.691
656;ли;ли;PART;_;_;_;_;_;@vb1988m-words#@vb1988m#72.691#73.022
657;ты;ты;PRON;_;Case=Nom|Number=Sing|Person=2;_;_;_;@vb1988m-words#@vb1988m#73.022#73.353
658;делать;делать;VERB;_;Aspect=Imp|VerbForm=Inf|Voice=Act;_;_;_;@vb1988m-words#@vb1988m#73.353#73.684
659;что;что;PRON;_;Case=Acc;_;_;_;@vb1988m-words#@vb1988m#73.684#74.015
660;то;то;PART;_;_;_;_;_;@vb1988m-words#@vb1988m#73.684#74.016
661;с;с;ADP;_;_;_;_;_;@vb1988m-words#@vb1988m#74.015#74.346
662;лунатизмом;лунатизм;NOUN;_;Animacy=Inan|Case=Ins|Gender=Masc|Number=Sing;_;_;_;@vb1988m-words#@vb1988m#74.346#74.679
663;ааа;ааа;X;_;Animacy=Inan|Case=Gen|Gender=Masc|Number=Sing;_;_;_;@vb1988m-words#@vb1988m#78.785#79.002
664;/;/;PUNCT;_;_;_;_;_;@vb1988m-words#@vb1988m#79.002#79.219
665;ты;ты;PRON;_;Case=Nom|Number=Sing|Person=2;_;_;_;@vb1988m-words#@vb1988m#79.219#79.436
666;про;про;ADP;_;_;_;_;_;@vb1988m-words#@vb1988m#79.436#79.653
667;лунатизм;лунатизм;NOUN;_;Animacy=Inan|Case=Acc|Gender=Masc|Number=Sing;_;_;_;@vb1988m-words#@vb1988m#79.653#79.87
668;чё;чё;PRON;_;Case=Acc;_;_;_;@vb1988m-words#@vb1988m#79.87#80.087
669;то; то;PART;_;_;_;_;_;@vb1988m-words#@vb1988m#79.87#80.088
670;там;там;ADV;_;Degree=Pos;_;_;_;@vb1988m-words#@vb1988m#80.087#80.304
671;#одновременно#;#одновременно#;X;_;_;_;_;_;@vb1988m-words#@vb1988m#80.304#80.525
672;ты;ты;PRON;_;Case=Nom|Number=Sing|Person=2;_;_;_;@vb1988m-words#@vb1988m#85.705#86.102
673;реально;реально;ADV;_;Degree=Pos;_;_;_;@vb1988m-words#@vb1988m#86.102#86.499
674;лунатишь;лунатишь;VERB;_;Aspect=Imp|Mood=Ind|Number=Sing|Person=2|Tense=Pres|VerbForm=Fin|Voice=Act;_;_;_;@vb1988m-words#@vb1988m#86.499#86.897
675;да;да;PART;_;_;_;_;_;@vb1988m-words#@vb1988m#89.384#89.627
676;я;я;PRON;_;Case=Nom|Number=Sing|Person=1;_;_;_;@vb1988m-words#@vb1988m#89.627#89.87
677;понял;понять;VERB;_;Aspect=Perf|Gender=Masc|Mood=Ind|Number=Sing|Tense=Past|VerbForm=Fin|Voice=Act;_;_;_;@vb1988m-words#@vb1988m#89.87#90.113
678;чтоб;чтобы;SCONJ;_;Mood=Cnd;_;_;_;@vb1988m-words#@vb1988m#90.113#90.356
679;там;там;ADV;_;Degree=Pos;_;_;_;@vb1988m-words#@vb1988m#90.356#90.599
680;не;не;PART;_;_;_;_;_;@vb1988m-words#@vb1988m#90.599#90.842
681;повторяться;повторяться;VERB;_;Aspect=Imp|VerbForm=Inf|Voice=Mid;_;_;_;@vb1988m-words#@vb1988m#90.842#91.089
682;а;а;CCONJ;_;_;_;_;_;@vb1988m-words#@vb1988m#134.511#134.825
683;что;что;PRON;_;Case=Acc;_;_;_;@vb1988m-words#@vb1988m#134.825#135.139
684;бы;бы;PART;_;_;_;_;_;@vb1988m-words#@vb1988m#135.139#135.453
685;ты;ты;PRON;_;Case=Nom|Number=Sing|Person=2;_;_;_;@vb1988m-words#@vb1988m#135.453#135.767
686;сделал;делать;VERB;_;Aspect=Perf|Gender=Masc|Mood=Ind|Number=Sing|Tense=Past|VerbForm=Fin|Voice=Act;_;_;_;@vb1988m-words#@vb1988m#135.767#136.081
687;дьяволу;дьявол;NOUN;_;Animacy=Inan|Case=Acc|Gender=Fem|Number=Sing;_;_;_;@vb1988m-words#@vb1988m#136.081#136.4
688;#смех#;#смех#;X;_;_;_;_;_;@vb1988m-words#@vb1988m#144.889#145.254
689;/;/;PUNCT;_;_;_;_;_;@vb1988m-words#@vb1988m#145.254#145.619
690;ну;ну;INTJ;_;_;_;_;_;@vb1988m-words#@vb1988m#145.619#145.984
691;да;да;PART;_;_;_;_;_;@vb1988m-words#@vb1988m#145.984#146.349
692;лунатизм;лунатизм;NOUN;_;Animacy=Inan|Case=Nom|Gender=Masc|Number=Sing;_;_;_;@vb1988m-words#@vb1988m#146.349#146.714
693;не;не;PART;_;_;_;_;_;@vb1988m-words#@vb1988m#146.714#147.079
694;очень;очень;ADV;_;Degree=Pos;_;_;_;@vb1988m-words#@vb1988m#147.079#147.444
695;/;/;PUNCT;_;_;_;_;_;@vb1988m-words#@vb1988m#147.444#147.809
696;так;так;ADV;_;Degree=Pos;_;_;_;@vb1988m-words#@vb1988m#147.809#148.174
697;/;/;PUNCT;_;_;_;_;_;@vb1988m-words#@vb1988m#148.174#148.539
698;аккуратней;аккуратный;ADJ;_;Animacy=Inan|Degree=Sup|Number=Sing;_;_;_;@vb1988m-words#@vb1988m#148.539#148.911
699;что;что;SCONJ;_;_;_;_;_;@vb1988m-words#@vb1988m#165.676#166.125
700;/;/;PUNCT;_;_;_;_;_;@vb1988m-words#@vb1988m#166.125#166.574
701;не;не;PART;_;_;_;_;_;@vb1988m-words#@vb1988m#166.574#167.023
702;конфетку;конфетка;NOUN;_;Animacy=Inan|Case=Acc|Gender=Fem|Number=Sing;_;_;_;@vb1988m-words#@vb1988m#167.023#167.472
703;/;/;PUNCT;_;_;_;_;_;@vb1988m-words#@vb1988m#167.472#167.921
704;какие;какой;DET;_;Case=Nom|Number=Plur;_;_;_;@vb1988m-words#@vb1988m#167.921#168.37
705;у;у;ADP;_;_;_;_;_;@vb1988m-words#@vb1988m#168.37#168.819
706;вас;вы;PRON;_;Case=Gen|Number=Plur|Person=2;_;_;_;@vb1988m-words#@vb1988m#168.819#169.268
707;суровые;суровый;ADJ;_;Animacy=Inan|Case=Acc|Degree=Pos|Number=Plur;_;_;_;@vb1988m-words#@vb1988m#169.268#169.717
708;удмуртские;удмуртский;ADJ;_;Animacy=Inan|Case=Acc|Degree=Pos|Number=Plur;_;_;_;@vb1988m-words#@vb1988m#169.717#170.166
709;традиции;традиция;NOUN;_;Animacy=Inan|Case=Acc|Gender=Fem|Number=Plur;_;_;_;@vb1988m-words#@vb1988m#170.166#170.62
710;блин;блин;INTJ;_;_;_;_;_;@vb1988m-words#@vb1988m#176.543#176.811
711;ну;ну;INTJ;_;_;_;_;_;@vb1988m-words#@vb1988m#176.811#177.079
712;/;/;PUNCT;_;_;_;_;_;@vb1988m-words#@vb1988m#177.079#177.347
713;мм;мм;X;_;Animacy=Inan|Case=Acc|Gender=Fem|Number=Sing;_;_;_;@vb1988m-words#@vb1988m#177.347#177.615
714;/;/;PUNCT;_;_;_;_;_;@vb1988m-words#@vb1988m#177.615#177.883
715;девяностые;девяностый;ADJ;_;Case=Nom|Degree=Pos|Number=Plur;_;_;_;@vb1988m-words#@vb1988m#177.883#178.151
716;наверно;наверно;ADV;_;Degree=Pos;_;_;_;@vb1988m-words#@vb1988m#178.151#178.419
717;в целом;в целом;ADV;_;Degree=Pos;_;_;_;@vb1988m-words#@vb1988m#178.419#178.687
718;/;/;PUNCT;_;_;_;_;_;@vb1988m-words#@vb1988m#178.955#179.223
719;у;у;ADP;_;_;_;_;_;@vb1988m-words#@vb1988m#179.223#179.491
720;каждого;каждый;DET;_;Case=Gen|Gender=Masc|Number=Sing;_;_;_;@vb1988m-words#@vb1988m#179.491#179.759
721;под;под;ADP;_;_;_;_;_;@vb1988m-words#@vb1988m#179.759#180.027
722;подушкой;подушка;NOUN;_;Animacy=Inan|Case=Ins|Gender=Fem|Number=Sing;_;_;_;@vb1988m-words#@vb1988m#180.027#180.295
723;должен;должен;VERB;_;Aspect=Perf|Gender=Masc|Mood=Ind|Number=Sing|Tense=Past|VerbForm=Fin|Voice=Act;_;_;_;@vb1988m-words#@vb1988m#180.295#180.563
724;был;быть;AUX;_;Aspect=Imp|Gender=Masc|Mood=Ind|Number=Sing|Tense=Past|VerbForm=Fin|Voice=Act;_;_;_;@vb1988m-words#@vb1988m#180.563#180.831
725;быть;быть;VERB;_;Aspect=Imp|VerbForm=Inf|Voice=Act;_;_;_;@vb1988m-words#@vb1988m#180.831#181.099
726;нож;нож;NOUN;_;Animacy=Inan|Case=Nom|Gender=Masc|Number=Sing;_;_;_;@vb1988m-words#@vb1988m#181.099#181.367
727;у;у;ADP;_;_;_;_;_;@vb1988m-words#@vb1988m#181.367#181.635
728;каждого;каждый;DET;_;Case=Gen|Gender=Masc|Number=Sing;_;_;_;@vb1988m-words#@vb1988m#181.635#181.903
729;члена;член;NOUN;_;Animacy=Anim|Case=Gen|Gender=Masc|Number=Sing;_;_;_;@vb1988m-words#@vb1988m#181.903#182.171
730;семьи;семья;NOUN;_;Animacy=Inan|Case=Gen|Gender=Fem|Number=Sing;_;_;_;@vb1988m-words#@vb1988m#182.171#182.439
731;на;на;ADP;_;_;_;_;_;@vb1988m-words#@vb1988m#182.439#182.707
732;всякий;всякий;DET;_;Case=Acc|Gender=Masc|Number=Sing;_;_;_;@vb1988m-words#@vb1988m#182.707#182.975
733;случай;случай;NOUN;_;Animacy=Inan|Case=Acc|Gender=Masc|Number=Sing;_;_;_;@vb1988m-words#@vb1988m#182.975#183.267
734;да;да;PART;_;_;_;_;_;@vb1988m-words#@vb1988m#185.793#186.062
735;это..;это..;PROPN;_;Animacy=Anim|Case=Dat|Gender=Fem|Number=Sing;_;_;_;@vb1988m-words#@vb1988m#186.062#186.331
736;это;это;PRON;_;Animacy=Inan|Case=Nom|Gender=Neut|Number=Sing;_;_;_;@vb1988m-words#@vb1988m#186.331#186.6
737;чтобы;чтобы;SCONJ;_;Mood=Cnd;_;_;_;@vb1988m-words#@vb1988m#186.6#186.869
738;если;если;SCONJ;_;_;_;_;_;@vb1988m-words#@vb1988m#186.869#187.138
739;что;что;SCONJ;_;_;_;_;_;@vb1988m-words#@vb1988m#187.138#187.407
740;она;она;PRON;_;Case=Nom|Gender=Fem|Number=Sing|Person=3;_;_;_;@vb1988m-words#@vb1988m#187.407#187.676
741;такая;такой;DET;_;Case=Nom|Gender=Fem|Number=Sing;_;_;_;@vb1988m-words#@vb1988m#187.676#187.945
742;ой;ой;X;_;_;_;_;_;@vb1988m-words#@vb1988m#187.945#188.214
743;/;/;PUNCT;_;_;_;_;_;@vb1988m-words#@vb1988m#188.214#188.483
744;ой;ой;X;_;_;_;_;_;@vb1988m-words#@vb1988m#188.483#188.752
745;ой;ой;X;_;_;_;_;_;@vb1988m-words#@vb1988m#188.752#189.021
746;ой;ой;X;_;_;_;_;_;@vb1988m-words#@vb1988m#189.021#189.29
747;/;/;PUNCT;_;_;_;_;_;@vb1988m-words#@vb1988m#189.29#189.559
748;я;я;PRON;_;Case=Nom|Number=Sing|Person=1;_;_;_;@vb1988m-words#@vb1988m#189.559#189.828
749;щас;щас;ADV;_;Degree=Pos;_;_;_;@vb1988m-words#@vb1988m#189.828#190.097
750;подожди;подождать;VERB;_;Aspect=Perf|Mood=Voc|Number=Sing|Person=2|Voice=Act;_;_;_;@vb1988m-words#@vb1988m#190.097#190.366
751;/;/;PUNCT;_;_;_;_;_;@vb1988m-words#@vb1988m#190.366#190.635
752;заберу;заберить;VERB;_;Aspect=Perf|Mood=Ind|Number=Sing|Person=1|Tense=Fut|VerbForm=Fin|Voice=Act;_;_;_;@vb1988m-words#@vb1988m#190.635#190.904
753;своего;свой;DET;_;Case=Acc|Gender=Masc|Number=Sing;_;_;_;@vb1988m-words#@vb1988m#190.904#191.173
754;ребеночка;ребеночек;NOUN;_;Animacy=Anim|Case=Acc|Gender=Masc|Number=Sing;_;_;_;@vb1988m-words#@vb1988m#191.173#191.442
755;/;/;PUNCT;_;_;_;_;_;@vb1988m-words#@vb1988m#191.442#191.711
756;[нрзб];[нрзб];X;_;_;_;_;_;@vb1988m-words#@vb1988m#191.711#191.98
757;#смех#;#смех#;X;_;_;_;_;_;@vb1988m-words#@vb1988m#191.98#192.249
758;понимаешь;понимать;VERB;_;Aspect=Imp|Mood=Ind|Number=Sing|Person=2|Tense=Pres|VerbForm=Fin|Voice=Act;_;_;_;@vb1988m-words#@vb1988m#192.249#192.518
759;/;/;PUNCT;_;_;_;_;_;@vb1988m-words#@vb1988m#192.518#192.787
760;я;я;PRON;_;Case=Nom|Number=Sing|Person=1;_;_;_;@vb1988m-words#@vb1988m#192.787#193.056
761;думаю;думать;VERB;_;Aspect=Imp|Mood=Ind|Number=Sing|Person=1|Tense=Pres|VerbForm=Fin|Voice=Act;_;_;_;@vb1988m-words#@vb1988m#193.056#193.325
762;это;это;PRON;_;Animacy=Inan|Case=Acc|Gender=Neut|Number=Sing;_;_;_;@vb1988m-words#@vb1988m#193.325#193.594
763;на;на;ADP;_;_;_;_;_;@vb1988m-words#@vb1988m#193.594#193.863
764;этот;этот;DET;_;Case=Acc|Gender=Masc|Number=Sing;_;_;_;@vb1988m-words#@vb1988m#193.863#194.132
765;случай;случай;NOUN;_;Animacy=Inan|Case=Acc|Gender=Masc|Number=Sing;_;_;_;@vb1988m-words#@vb1988m#194.132#194.413
766;под;под;ADP;_;_;_;_;_;@vb1988m-words#@vb1988m#204.275#204.697
767;попой;попа;NOUN;_;Animacy=Inan|Case=Ins|Gender=Fem|Number=Sing;_;_;_;@vb1988m-words#@vb1988m#204.697#205.119
768;бензопила;бензопила;NOUN;_;Animacy=Inan|Case=Nom|Gender=Fem|Number=Sing;_;_;_;@vb1988m-words#@vb1988m#205.119#205.541
769;[нрзб];[нрзб];X;_;_;_;_;_;@vb1988m-words#@vb1988m#205.541#205.963
770;ей;она;PRON;_;Case=Dat|Gender=Fem|Number=Sing|Person=3;_;_;_;@vb1988m-words#@vb1988m#205.963#206.385
771;было;быть;AUX;_;Aspect=Imp|Gender=Neut|Mood=Ind|Number=Sing|Tense=Past|VerbForm=Fin|Voice=Act;_;_;_;@vb1988m-words#@vb1988m#206.385#206.807
772;неудобно;неудобный;ADJ;_;Degree=Pos|Gender=Neut|Number=Sing|Variant=Short;_;_;_;@vb1988m-words#@vb1988m#206.807#207.229
773;спать;спать;VERB;_;Aspect=Imp|VerbForm=Inf|Voice=Act;_;_;_;@vb1988m-words#@vb1988m#207.229#207.651
774;/;/;PUNCT;_;_;_;_;_;@vb1988m-words#@vb1988m#207.651#208.073
775;ээ;ээ;X;_;_;_;_;_;@vb1988m-words#@vb1988m#208.073#208.495
776;/;/;PUNCT;_;_;_;_;_;@vb1988m-words#@vb1988m#208.495#208.917
777;как;как;SCONJ;_;_;_;_;_;@vb1988m-words#@vb1988m#208.917#209.339
778;прошло;пройти;VERB;_;Aspect=Perf|Gender=Neut|Mood=Ind|Number=Sing|Tense=Past|VerbForm=Fin|Voice=Act;_;_;_;@vb1988m-words#@vb1988m#209.339#209.761
779;твоё;твой;PRON;_;Animacy=Inan|Case=Nom|Gender=Neut|Number=Sing;_;_;_;@vb1988m-words#@vb1988m#209.761#210.183
780;самое;самый;ADJ;_;Case=Nom|Degree=Pos|Gender=Neut|Number=Sing;_;_;_;@vb1988m-words#@vb1988m#210.183#210.605
781;первое;первый;ADJ;_;Case=Nom|Degree=Pos|Gender=Neut|Number=Sing;_;_;_;@vb1988m-words#@vb1988m#210.605#211.027
782;выступление;выступление;NOUN;_;Animacy=Inan|Case=Nom|Gender=Neut|Number=Sing;_;_;_;@vb1988m-words#@vb1988m#211.027#211.449
783;и;и;CCONJ;_;_;_;_;_;@vb1988m-words#@vb1988m#211.449#211.871
784;где;где;ADV;_;Degree=Pos;_;_;_;@vb1988m-words#@vb1988m#211.871#212.31
785;а;а;CCONJ;_;_;_;_;_;@vb1988m-words#@vb1988m#213.586#213.841
786;в;в;ADP;_;_;_;_;_;@vb1988m-words#@vb1988m#213.841#214.096
787;Москве;Москва;PROPN;_;Animacy=Inan|Case=Loc|Gender=Fem|Number=Sing;_;_;_;@vb1988m-words#@vb1988m#214.096#214.351
788;это;это;PRON;_;Animacy=Inan|Case=Nom|Gender=Neut|Number=Sing;_;_;_;@vb1988m-words#@vb1988m#214.351#214.606
789;уже;уже;ADV;_;Degree=Pos;_;_;_;@vb1988m-words#@vb1988m#214.606#214.862
790;оо;оо;X;_;_;_;_;_;@vb1988m-words#@vb1988m#225.379#225.764
791;/;/;PUNCT;_;_;_;_;_;@vb1988m-words#@vb1988m#225.764#226.149
792;я;я;PRON;_;Case=Nom|Number=Sing|Person=1;_;_;_;@vb1988m-words#@vb1988m#226.149#226.534
793;помню;помнить;VERB;_;Aspect=Imp|Mood=Ind|Number=Sing|Person=1|Tense=Pres|VerbForm=Fin|Voice=Act;_;_;_;@vb1988m-words#@vb1988m#226.534#226.919
794;этот;этот;DET;_;Case=Acc|Gender=Masc|Number=Sing;_;_;_;@vb1988m-words#@vb1988m#226.919#227.304
795;/;/;PUNCT;_;_;_;_;_;@vb1988m-words#@vb1988m#227.304#227.689
796;это;этот;DET;_;Case=Acc|Gender=Neut|Number=Sing;_;_;_;@vb1988m-words#@vb1988m#227.689#228.074
797;время;время;NOUN;_;Animacy=Inan|Case=Acc|Gender=Neut|Number=Sing;_;_;_;@vb1988m-words#@vb1988m#228.074#228.459
798;#смех#;#смех#;X;_;_;_;_;_;@vb1988m-words#@vb1988m#228.459#228.844
799;/;/;PUNCT;_;_;_;_;_;@vb1988m-words#@vb1988m#228.844#229.229
800;Марат;Марат;PROPN;_;Animacy=Inan|Case=Nom|Gender=Masc|Number=Sing;_;_;_;@vb1988m-words#@vb1988m#229.229#229.614
801;часто;часто;ADV;_;Degree=Pos;_;_;_;@vb1988m-words#@vb1988m#229.614#229.999
802;выходил;выходить;VERB;_;Aspect=Imp|Gender=Masc|Mood=Ind|Number=Sing|Tense=Past|VerbForm=Fin|Voice=Act;_;_;_;@vb1988m-words#@vb1988m#229.999#230.384
803;пиздиться;пиздиться;VERB;_;Aspect=Perf|VerbForm=Inf|Voice=Mid;_;_;_;@vb1988m-words#@vb1988m#230.384#230.769
804;со;с;ADP;_;_;_;_;_;@vb1988m-words#@vb1988m#230.769#231.154
805;всеми;весь;DET;_;Case=Ins|Number=Plur;_;_;_;@vb1988m-words#@vb1988m#231.154#231.551
806;первое;первый;ADJ;_;Case=Nom|Degree=Pos|Gender=Neut|Number=Sing;_;_;_;@vb1988m-words#@vb1988m#247.827#248.232
807;выступление;выступление;NOUN;_;Animacy=Inan|Case=Nom|Gender=Neut|Number=Sing;_;_;_;@vb1988m-words#@vb1988m#248.232#248.637
808;было;быть;AUX;_;Aspect=Imp|Gender=Neut|Mood=Ind|Number=Sing|Tense=Past|VerbForm=Fin|Voice=Act;_;_;_;@vb1988m-words#@vb1988m#248.637#249.042
809;нормальным;нормальный;ADJ;_;Case=Ins|Degree=Pos|Gender=Neut|Number=Sing;_;_;_;@vb1988m-words#@vb1988m#249.042#249.448
810;ээ;ээ;X;_;_;_;_;_;@vb1988m-words#@vb1988m#249.827#250.25
811;/;/;PUNCT;_;_;_;_;_;@vb1988m-words#@vb1988m#250.25#250.673
812;с..;с..;X;_;_;_;_;_;@vb1988m-words#@vb1988m#250.673#251.096
813;нету;нет;VERB;_;Aspect=Imp|Mood=Ind|Number=Sing|Person=3|Tense=Pres|VerbForm=Fin|Voice=Act;_;_;_;@vb1988m-words#@vb1988m#251.096#251.519
814;ли;ли;PART;_;_;_;_;_;@vb1988m-words#@vb1988m#251.519#251.942
815;напряжения;напряжение;NOUN;_;Animacy=Inan|Case=Gen|Gender=Neut|Number=Sing;_;_;_;@vb1988m-words#@vb1988m#251.942#252.365
816;с;с;ADP;_;_;_;_;_;@vb1988m-words#@vb1988m#252.365#252.788
817;другими;другой;ADJ;_;Case=Ins|Degree=Pos|Number=Plur;_;_;_;@vb1988m-words#@vb1988m#252.788#253.211
818;комиками;комик;NOUN;_;Animacy=Anim|Case=Ins|Gender=Masc|Number=Plur;_;_;_;@vb1988m-words#@vb1988m#253.211#253.634
819;в;в;ADP;_;_;_;_;_;@vb1988m-words#@vb1988m#253.634#254.057
820;отношениях;отношение;NOUN;_;Animacy=Inan|Case=Loc|Gender=Neut|Number=Plur;_;_;_;@vb1988m-words#@vb1988m#254.057#254.48
821;/;/;PUNCT;_;_;_;_;_;@vb1988m-words#@vb1988m#254.48#254.903
822;это;это;PRON;_;Animacy=Inan|Case=Nom|Gender=Neut|Number=Sing;_;_;_;@vb1988m-words#@vb1988m#254.903#255.326
823;вопрос;вопрос;NOUN;_;Animacy=Inan|Case=Nom|Gender=Masc|Number=Sing;_;_;_;@vb1988m-words#@vb1988m#255.326#255.749
824;/;/;PUNCT;_;_;_;_;_;@vb1988m-words#@vb1988m#255.749#256.172
825;и;и;CCONJ;_;_;_;_;_;@vb1988m-words#@vb1988m#256.172#256.595
826;в;в;ADP;_;_;_;_;_;@vb1988m-words#@vb1988m#256.595#257.018
827;скобках;скобка;NOUN;_;Animacy=Inan|Case=Loc|Gender=Fem|Number=Plur;_;_;_;@vb1988m-words#@vb1988m#257.018#257.441
828;обожаю;обожать;VERB;_;Aspect=Imp|Mood=Ind|Number=Sing|Person=1|Tense=Pres|VerbForm=Fin|Voice=Act;_;_;_;@vb1988m-words#@vb1988m#257.441#257.864
829;тебя;ты;PRON;_;Case=Acc|Number=Sing|Person=2;_;_;_;@vb1988m-words#@vb1988m#257.864#258.287
830;сладкий;сладкий;ADJ;_;Case=Nom|Degree=Pos|Gender=Masc|Number=Sing;_;_;_;@vb1988m-words#@vb1988m#258.287#258.724
831;аккуратнее;аккуратный;ADJ;_;Animacy=Inan|Degree=Sup|Number=Sing;_;_;_;@vb1988m-words#@vb1988m#263.862#264.241
832;/;/;PUNCT;_;_;_;_;_;@vb1988m-words#@vb1988m#264.241#264.62
833;береги;берег;VERB;_;Aspect=Imp|Mood=Imp|Number=Sing|Person=2|VerbForm=Fin|Voice=Act;_;_;_;@vb1988m-words#@vb1988m#264.62#264.999
834;сердечко;сердечко;NOUN;_;Animacy=Inan|Case=Acc|Gender=Neut|Number=Sing;_;_;_;@vb1988m-words#@vb1988m#264.999#265.379
835;ну;ну;INTJ;_;_;_;_;_;@vb1988m-words#@vb1988m#266.809#267.125
836;короче;коротко;ADV;_;Degree=Cmp;_;_;_;@vb1988m-words#@vb1988m#267.125#267.441
837;есть;быть;VERB;_;Aspect=Imp|Mood=Ind|Number=Sing|Person=3|Tense=Pres|VerbForm=Fin|Voice=Act;_;_;_;@vb1988m-words#@vb1988m#267.441#267.757
838;ли;ли;PART;_;_;_;_;_;@vb1988m-words#@vb1988m#267.757#268.073
839;у;у;ADP;_;_;_;_;_;@vb1988m-words#@vb1988m#268.073#268.389
840;тебя;ты;PRON;_;Case=Gen|Number=Sing|Person=2;_;_;_;@vb1988m-words#@vb1988m#268.389#268.705
841;с;с;ADP;_;_;_;_;_;@vb1988m-words#@vb1988m#268.705#269.021
842;какими;какой;DET;_;Case=Ins|Number=Plur;_;_;_;@vb1988m-words#@vb1988m#269.021#269.337
843;то;то;PART;_;_;_;_;_;@vb1988m-words#@vb1988m#269.021#269.338
844;комиками;комик;NOUN;_;Animacy=Anim|Case=Ins|Gender=Masc|Number=Plur;_;_;_;@vb1988m-words#@vb1988m#269.337#269.653
845;напряжённые;напряжённый;ADJ;_;Case=Nom|Degree=Pos|Number=Plur;_;_;_;@vb1988m-words#@vb1988m#269.653#269.969
846;отношения;отношение;NOUN;_;Animacy=Inan|Case=Nom|Gender=Neut|Number=Plur;_;_;_;@vb1988m-words#@vb1988m#269.969#270.285
847;и;и;CCONJ;_;_;_;_;_;@vb1988m-words#@vb1988m#270.285#270.601
848;ты;ты;PRON;_;Case=Nom|Number=Sing|Person=2;_;_;_;@vb1988m-words#@vb1988m#270.601#270.917
849;такой;такой;DET;_;Case=Ins|Gender=Fem|Number=Sing;_;_;_;@vb1988m-words#@vb1988m#270.917#271.241
850;эээ;эээ;X;_;_;_;_;_;@vb1988m-words#@vb1988m#288.517#288.946
851;/;/;PUNCT;_;_;_;_;_;@vb1988m-words#@vb1988m#288.946#289.375
852;это;это;PRON;_;_;_;_;_;@vb1988m-words#@vb1988m#289.375#289.804
853;твоя;твой;DET;_;Case=Nom|Gender=Fem|Number=Sing;_;_;_;@vb1988m-words#@vb1988m#289.804#290.233
854;окончательная;окончательный;ADJ;_;Case=Nom|Degree=Pos|Gender=Fem|Number=Sing;_;_;_;@vb1988m-words#@vb1988m#290.233#290.662
855;причёска;причёск;NOUN;_;Animacy=Inan|Case=Nom|Gender=Fem|Number=Sing;_;_;_;@vb1988m-words#@vb1988m#290.662#291.091
856;или;или;CCONJ;_;_;_;_;_;@vb1988m-words#@vb1988m#291.091#291.52
857;ты;ты;PRON;_;Case=Nom|Number=Sing|Person=2;_;_;_;@vb1988m-words#@vb1988m#291.52#291.949
858;дальше;далеко;ADV;_;Degree=Pos;_;_;_;@vb1988m-words#@vb1988m#291.949#292.378
859;будешь;быть;AUX;_;Aspect=Imp|Mood=Ind|Number=Sing|Person=2|Tense=Pres|VerbForm=Fin|Voice=Act;_;_;_;@vb1988m-words#@vb1988m#292.378#292.807
860;отращивать;отращивать;VERB;_;Aspect=Imp|VerbForm=Inf|Voice=Act;_;_;_;@vb1988m-words#@vb1988m#292.807#293.241
861;на;на;ADP;_;_;_;_;_;@vb1988m-words#@vb1988m#294.543#294.928
862;самом;самый;ADJ;_;Case=Loc|Degree=Pos|Gender=Neut|Number=Sing;_;_;_;@vb1988m-words#@vb1988m#294.928#295.313
863;деле;дело;NOUN;_;Animacy=Inan|Case=Loc|Gender=Neut|Number=Sing;_;_;_;@vb1988m-words#@vb1988m#295.313#295.698
864;/;/;PUNCT;_;_;_;_;_;@vb1988m-words#@vb1988m#295.698#296.083
865;чувак;чувак;NOUN;_;Animacy=Anim|Case=Nom|Gender=Masc|Number=Sing;_;_;_;@vb1988m-words#@vb1988m#296.083#296.468
866;/;/;PUNCT;_;_;_;_;_;@vb1988m-words#@vb1988m#296.468#296.853
867;норм;норм;ADV;_;Degree=Cmp;_;_;_;@vb1988m-words#@vb1988m#296.853#297.241
868;я;я;PRON;_;Case=Nom|Number=Sing|Person=1;_;_;_;@vb1988m-words#@vb1988m#297.517#297.793
869;вот;вот;PART;_;_;_;_;_;@vb1988m-words#@vb1988m#297.793#298.069
870;/;/;PUNCT;_;_;_;_;_;@vb1988m-words#@vb1988m#298.069#298.345
871;я;я;PRON;_;Case=Nom|Number=Sing|Person=1;_;_;_;@vb1988m-words#@vb1988m#298.345#298.621
872;вот;вот;PART;_;_;_;_;_;@vb1988m-words#@vb1988m#298.621#298.897
873;всё;весь;DET;_;Case=Acc|Gender=Neut|Number=Sing;_;_;_;@vb1988m-words#@vb1988m#298.897#299.173
874;время;время;NOUN;_;Animacy=Inan|Case=Acc|Gender=Neut|Number=Sing;_;_;_;@vb1988m-words#@vb1988m#299.173#299.449
875;психую;психовать;VERB;_;Aspect=Imp|Mood=Ind|Number=Sing|Person=1|Tense=Pres|VerbForm=Fin|Voice=Act;_;_;_;@vb1988m-words#@vb1988m#299.449#299.725
876;на;на;ADP;_;_;_;_;_;@vb1988m-words#@vb1988m#299.725#300.001
877;моменте;момент;NOUN;_;Animacy=Inan|Case=Loc|Gender=Masc|Number=Sing;_;_;_;@vb1988m-words#@vb1988m#300.001#300.277
878;/;/;PUNCT;_;_;_;_;_;@vb1988m-words#@vb1988m#300.277#300.553
879;вот;вот;PART;_;_;_;_;_;@vb1988m-words#@vb1988m#300.553#300.829
880;этого;это;PRON;_;Animacy=Inan|Case=Gen|Gender=Neut|Number=Sing;_;_;_;@vb1988m-words#@vb1988m#300.829#301.105
881;/;/;PUNCT;_;_;_;_;_;@vb1988m-words#@vb1988m#301.105#301.381
882;я;я;PRON;_;Case=Nom|Number=Sing|Person=1;_;_;_;@vb1988m-words#@vb1988m#301.381#301.657
883;всё;весь;DET;_;Case=Acc|Gender=Neut|Number=Sing;_;_;_;@vb1988m-words#@vb1988m#301.657#301.933
884;время;время;NOUN;_;Animacy=Inan|Case=Acc|Gender=Neut|Number=Sing;_;_;_;@vb1988m-words#@vb1988m#301.933#302.209
885;просто;просто;PART;_;_;_;_;_;@vb1988m-words#@vb1988m#302.209#302.485
886;хотел;хотеть;VERB;_;Aspect=Imp|Gender=Masc|Mood=Ind|Number=Sing|Tense=Past|VerbForm=Fin|Voice=Act;_;_;_;@vb1988m-words#@vb1988m#302.485#302.761
887;отрастить;отрастить;VERB;_;Aspect=Perf|VerbForm=Inf|Voice=Act;_;_;_;@vb1988m-words#@vb1988m#302.761#303.037
888;какие-нибудь;какой-нибудь;DET;_;Case=Acc|Number=Plur;_;_;_;@vb1988m-words#@vb1988m#303.037#303.313
889;патлы;пател;NOUN;_;Animacy=Inan|Case=Acc|Gender=Masc|Number=Plur;_;_;_;@vb1988m-words#@vb1988m#303.313#303.589
890;/;/;PUNCT;_;_;_;_;_;@vb1988m-words#@vb1988m#303.589#303.865
891;не;не;PART;_;_;_;_;_;@vb1988m-words#@vb1988m#303.865#304.141
892;стрич…;стрич…;X;_;_;_;_;_;@vb1988m-words#@vb1988m#304.141#304.417
893;/;/;PUNCT;_;_;_;_;_;@vb1988m-words#@vb1988m#304.417#304.693
894;ненавижу;ненавидеть;VERB;_;Aspect=Imp|Mood=Ind|Number=Sing|Person=1|Tense=Pres|VerbForm=Fin|Voice=Act;_;_;_;@vb1988m-words#@vb1988m#304.693#304.969
895;стричься;стричься;VERB;_;Aspect=Imp|VerbForm=Inf|Voice=Mid;_;_;_;@vb1988m-words#@vb1988m#304.969#305.245
896;/;/;PUNCT;_;_;_;_;_;@vb1988m-words#@vb1988m#305.245#305.521
897;и;и;CCONJ;_;_;_;_;_;@vb1988m-words#@vb1988m#305.521#305.797
898;я;я;PRON;_;Case=Nom|Number=Sing|Person=1;_;_;_;@vb1988m-words#@vb1988m#305.797#306.073
899;психую;психовать;VERB;_;Aspect=Imp|Mood=Ind|Number=Sing|Person=1|Tense=Pres|VerbForm=Fin|Voice=Act;_;_;_;@vb1988m-words#@vb1988m#306.073#306.349
900;на;на;ADP;_;_;_;_;_;@vb1988m-words#@vb1988m#306.349#306.625
901;моменте;момент;NOUN;_;Animacy=Inan|Case=Loc|Gender=Masc|Number=Sing;_;_;_;@vb1988m-words#@vb1988m#306.625#306.901
902;когда;когда;SCONJ;_;_;_;_;_;@vb1988m-words#@vb1988m#306.901#307.177
903;у;у;ADP;_;_;_;_;_;@vb1988m-words#@vb1988m#307.177#307.453
904;меня;я;PRON;_;Case=Gen|Number=Sing|Person=1;_;_;_;@vb1988m-words#@vb1988m#307.453#307.729
905;чёлка;чёлка;NOUN;_;Animacy=Inan|Case=Nom|Gender=Fem|Number=Sing;_;_;_;@vb1988m-words#@vb1988m#307.729#308.005
906;начинает;начинать;VERB;_;Aspect=Imp|Mood=Ind|Number=Sing|Person=3|Tense=Pres|VerbForm=Fin|Voice=Act;_;_;_;@vb1988m-words#@vb1988m#308.005#308.281
907;вот;вот;INTJ;_;_;_;_;_;@vb1988m-words#@vb1988m#308.281#308.557
908;так;так;ADV;_;Degree=Pos;_;_;_;@vb1988m-words#@vb1988m#308.557#308.833
909;как;как;SCONJ;_;_;_;_;_;@vb1988m-words#@vb1988m#308.833#309.109
910;у;у;ADP;_;_;_;_;_;@vb1988m-words#@vb1988m#309.109#309.385
911;буратино;буратино;NOUN;_;Animacy=Inan|Case=Gen|Gender=Neut|Number=Sing;_;_;_;@vb1988m-words#@vb1988m#309.385#309.661
912;завиваться;завиваться;VERB;_;Aspect=Imp|VerbForm=Inf|Voice=Mid;_;_;_;@vb1988m-words#@vb1988m#309.661#309.937
913;/;/;PUNCT;_;_;_;_;_;@vb1988m-words#@vb1988m#309.937#310.213
914;у;у;ADP;_;_;_;_;_;@vb1988m-words#@vb1988m#310.213#310.489
915;меня;я;PRON;_;Case=Gen|Number=Sing|Person=1;_;_;_;@vb1988m-words#@vb1988m#310.489#310.765
916;здесь;здесь;ADV;_;Degree=Pos;_;_;_;@vb1988m-words#@vb1988m#310.765#311.041
917;можно;можно;ADV;_;Degree=Pos;_;_;_;@vb1988m-words#@vb1988m#311.041#311.317
918;кататься;кататься;VERB;_;Aspect=Imp|VerbForm=Inf|Voice=Mid;_;_;_;@vb1988m-words#@vb1988m#311.317#311.593
919;на;на;ADP;_;_;_;_;_;@vb1988m-words#@vb1988m#311.593#311.869
920;скейтборде;скейтборд;NOUN;_;Animacy=Inan|Case=Loc|Gender=Fem|Number=Sing;_;_;_;@vb1988m-words#@vb1988m#311.869#312.145
921;/;/;PUNCT;_;_;_;_;_;@vb1988m-words#@vb1988m#312.145#312.421
922;в;в;ADP;_;_;_;_;_;@vb1988m-words#@vb1988m#312.421#312.697
923;какой;какой;DET;_;Case=Acc|Gender=Masc|Number=Sing;_;_;_;@vb1988m-words#@vb1988m#312.697#312.973
924;то;то;PART;_;_;_;_;_;@vb1988m-words#@vb1988m#312.697#312.974
925;момент;момент;NOUN;_;Animacy=Inan|Case=Acc|Gender=Masc|Number=Sing;_;_;_;@vb1988m-words#@vb1988m#312.973#313.249
926;я;я;PRON;_;Case=Nom|Number=Sing|Person=1;_;_;_;@vb1988m-words#@vb1988m#313.249#313.525
927;такой;такой;DET;_;Case=Nom|Gender=Masc|Number=Sing;_;_;_;@vb1988m-words#@vb1988m#313.525#313.801
928;как;как;SCONJ;_;_;_;_;_;@vb1988m-words#@vb1988m#313.801#314.077
929;/;/;PUNCT;_;_;_;_;_;@vb1988m-words#@vb1988m#314.077#314.353
930;[нрзб];[нрзб];X;_;_;_;_;_;@vb1988m-words#@vb1988m#314.353#314.629
931;/;/;PUNCT;_;_;_;_;_;@vb1988m-words#@vb1988m#314.629#314.905
932;ты;ты;PRON;_;Case=Nom|Number=Sing|Person=2;_;_;_;@vb1988m-words#@vb1988m#314.905#315.181
933;знаешь;знать;VERB;_;Aspect=Imp|Mood=Ind|Number=Sing|Person=2|Tense=Pres|VerbForm=Fin|Voice=Act;_;_;_;@vb1988m-words#@vb1988m#315.181#315.457
934;как;как;ADV;_;Degree=Pos;_;_;_;@vb1988m-words#@vb1988m#315.457#315.733
935;/;/;PUNCT;_;_;_;_;_;@vb1988m-words#@vb1988m#315.733#316.009
936;опилка;опилка;NOUN;_;Animacy=Inan|Case=Nom|Gender=Fem|Number=Sing;_;_;_;@vb1988m-words#@vb1988m#316.009#316.285
937;какая;какой;DET;_;Case=Nom|Gender=Fem|Number=Sing;_;_;_;@vb1988m-words#@vb1988m#316.285#316.561
938;то;то;PART;_;_;_;_;_;@vb1988m-words#@vb1988m#316.285#316.562
939;становится;становиться;VERB;_;Aspect=Imp|Mood=Ind|Number=Sing|Person=3|Tense=Pres|VerbForm=Fin|Voice=Mid;_;_;_;@vb1988m-words#@vb1988m#316.561#316.837
940;дебильная;дебильный;ADJ;_;Case=Nom|Degree=Pos|Gender=Fem|Number=Sing;_;_;_;@vb1988m-words#@vb1988m#316.837#317.113
941;/;/;PUNCT;_;_;_;_;_;@vb1988m-words#@vb1988m#317.113#317.389
942;вот;вот;PART;_;_;_;_;_;@vb1988m-words#@vb1988m#317.389#317.665
943;а;а;PART;_;_;_;_;_;@vb1988m-words#@vb1988m#317.665#317.941
944;у;у;ADP;_;_;_;_;_;@vb1988m-words#@vb1988m#317.941#318.217
945;тебя;ты;PRON;_;Case=Gen|Number=Sing|Person=2;_;_;_;@vb1988m-words#@vb1988m#318.217#318.493
946;эта;этот;DET;_;Case=Nom|Gender=Fem|Number=Sing;_;_;_;@vb1988m-words#@vb1988m#318.493#318.769
947;стадия;стадия;NOUN;_;Animacy=Inan|Case=Nom|Gender=Fem|Number=Sing;_;_;_;@vb1988m-words#@vb1988m#318.769#319.045
948;проходит;проходить;VERB;_;Aspect=Imp|Mood=Ind|Number=Sing|Person=3|Tense=Pres|VerbForm=Fin|Voice=Act;_;_;_;@vb1988m-words#@vb1988m#319.045#319.321
949;нормально;нормально;ADV;_;Degree=Pos;_;_;_;@vb1988m-words#@vb1988m#319.321#319.597
950;/;/;PUNCT;_;_;_;_;_;@vb1988m-words#@vb1988m#319.597#319.873
951;мне;я;PRON;_;Case=Dat|Number=Sing|Person=1;_;_;_;@vb1988m-words#@vb1988m#319.873#320.149
952;кажется;казаться;VERB;_;Aspect=Imp|Mood=Ind|Number=Sing|Person=3|Tense=Pres|VerbForm=Fin|Voice=Mid;_;_;_;@vb1988m-words#@vb1988m#320.149#320.425
953;этот;этот;DET;_;Case=Nom|Gender=Masc|Number=Sing;_;_;_;@vb1988m-words#@vb1988m#320.425#320.701
954;вот;вот;PART;_;_;_;_;_;@vb1988m-words#@vb1988m#320.701#320.977
955;момент;момент;NOUN;_;Animacy=Anim|Case=Nom|Gender=Masc|Number=Sing;_;_;_;@vb1988m-words#@vb1988m#320.977#321.253
956;/;/;PUNCT;_;_;_;_;_;@vb1988m-words#@vb1988m#321.253#321.529
957;уши;ухо;NOUN;_;Animacy=Inan|Case=Acc|Gender=Neut|Number=Plur;_;_;_;@vb1988m-words#@vb1988m#321.529#321.805
958;/;/;PUNCT;_;_;_;_;_;@vb1988m-words#@vb1988m#321.805#322.081
959;короче;коротко;ADV;_;Degree=Cmp;_;_;_;@vb1988m-words#@vb1988m#322.081#322.357
960;пока;пока;ADV;_;Degree=Pos;_;_;_;@vb1988m-words#@vb1988m#322.357#322.633
961;вот;вот;PART;_;_;_;_;_;@vb1988m-words#@vb1988m#322.633#322.909
962;ты;ты;PRON;_;Case=Nom|Number=Sing|Person=2;_;_;_;@vb1988m-words#@vb1988m#322.909#323.185
963;с;с;ADP;_;_;_;_;_;@vb1988m-words#@vb1988m#323.185#323.461
964;открытыми;открытый;ADJ;_;Case=Ins|Degree=Pos|Number=Plur;_;_;_;@vb1988m-words#@vb1988m#323.461#323.737
965;ушами;ухо;NOUN;_;Animacy=Inan|Case=Ins|Gender=Neut|Number=Plur;_;_;_;@vb1988m-words#@vb1988m#323.737#324.013
966;/;/;PUNCT;_;_;_;_;_;@vb1988m-words#@vb1988m#324.013#324.289
967;ты;ты;PRON;_;Case=Nom|Number=Sing|Person=2;_;_;_;@vb1988m-words#@vb1988m#324.289#324.565
968;выглядишь;выглядеть;VERB;_;Aspect=Imp|Mood=Ind|Number=Sing|Person=2|Tense=Pres|VerbForm=Fin|Voice=Act;_;_;_;@vb1988m-words#@vb1988m#324.565#324.841
969;нормально;нормально;ADV;_;Degree=Pos;_;_;_;@vb1988m-words#@vb1988m#324.841#325.117
970;/;/;PUNCT;_;_;_;_;_;@vb1988m-words#@vb1988m#325.117#325.393
971;и;и;CCONJ;_;_;_;_;_;@vb1988m-words#@vb1988m#325.393#325.669
972;пока;пока;ADV;_;Degree=Pos;_;_;_;@vb1988m-words#@vb1988m#325.669#325.945
973;ты;ты;PRON;_;Case=Nom|Number=Sing|Person=2;_;_;_;@vb1988m-words#@vb1988m#325.945#326.221
974;/;/;PUNCT;_;_;_;_;_;@vb1988m-words#@vb1988m#326.221#326.497
975;с;с;ADP;_;_;_;_;_;@vb1988m-words#@vb1988m#326.497#326.773
976;полностью;полностью;ADV;_;Degree=Pos;_;_;_;@vb1988m-words#@vb1988m#326.773#327.049
977;закрытыми;закрыть;ADJ;_;Case=Ins|Degree=Pos|Number=Plur;_;_;_;@vb1988m-words#@vb1988m#327.049#327.325
978;ушами;ухо;NOUN;_;Animacy=Inan|Case=Ins|Gender=Neut|Number=Plur;_;_;_;@vb1988m-words#@vb1988m#327.325#327.601
979;ты;ты;PRON;_;Case=Nom|Number=Sing|Person=2;_;_;_;@vb1988m-words#@vb1988m#327.601#327.877
980;тоже;тоже;ADV;_;Degree=Pos;_;_;_;@vb1988m-words#@vb1988m#327.877#328.153
981;начинаешь;начинать;VERB;_;Aspect=Imp|Mood=Ind|Number=Sing|Person=2|Tense=Pres|VerbForm=Fin|Voice=Act;_;_;_;@vb1988m-words#@vb1988m#328.153#328.429
982;выглядеть;выглядеть;VERB;_;Aspect=Imp|VerbForm=Inf|Voice=Act;_;_;_;@vb1988m-words#@vb1988m#328.429#328.705
983;нормально;нормально;ADV;_;Degree=Pos;_;_;_;@vb1988m-words#@vb1988m#328.705#329.0
984;вот;вот;INTJ;_;_;_;_;_;@vb1988m-words#@vb1988m#332.896#333.208
985;я;я;PRON;_;Case=Nom|Number=Sing|Person=1;_;_;_;@vb1988m-words#@vb1988m#333.208#333.52
986;никогда;никогда;ADV;_;Degree=Pos;_;_;_;@vb1988m-words#@vb1988m#333.52#333.832
987;/;/;PUNCT;_;_;_;_;_;@vb1988m-words#@vb1988m#333.832#334.144
988;дальше;далекий;ADJ;_;Animacy=Inan|Degree=Sup|Number=Sing;_;_;_;@vb1988m-words#@vb1988m#334.144#334.456
989;/;/;PUNCT;_;_;_;_;_;@vb1988m-words#@vb1988m#334.456#334.768
990;я;я;PRON;_;Case=Nom|Number=Sing|Person=1;_;_;_;@vb1988m-words#@vb1988m#334.768#335.08
991;говорю;говорить;VERB;_;Aspect=Imp|Mood=Ind|Number=Sing|Person=1|Tense=Pres|VerbForm=Fin|Voice=Act;_;_;_;@vb1988m-words#@vb1988m#335.08#335.392
992;/;/;PUNCT;_;_;_;_;_;@vb1988m-words#@vb1988m#335.392#335.704
993;вот;вот;INTJ;_;_;_;_;_;@vb1988m-words#@vb1988m#335.704#336.016
994;это;этот;PRON;_;Animacy=Inan|Case=Nom|Gender=Neut|Number=Sing;_;_;_;@vb1988m-words#@vb1988m#336.016#336.328
995;трамплина;трамплин;NOUN;_;Animacy=Inan|Case=Nom|Gender=Fem|Number=Sing;_;_;_;@vb1988m-words#@vb1988m#336.328#336.64
996;не;не;PART;_;_;_;_;_;@vb1988m-words#@vb1988m#336.64#336.952
997;отращивал;отращивать;VERB;_;Aspect=Imp|Gender=Masc|Mood=Ind|Number=Sing|Tense=Past|VerbForm=Fin|Voice=Act;_;_;_;@vb1988m-words#@vb1988m#336.952#337.275
998;ну;ну;INTJ;_;_;_;_;_;@vb1988m-words#@vb1988m#338.323#339.299
999;ээ;ээ;X;_;Foreign=Yes;_;_;_;@vb1988m-words#@vb1988m#339.299#340.275
1000;[нрзб];[нрзб];X;_;_;_;_;_;@vb1988m-words#@vb1988m#350.31#351.241
1001;ээ;ээ;INTJ;_;_;_;_;_;@vb1988m-words#@vb1988m#351.241#352.172
1002;/;/;PUNCT;_;_;_;_;_;@vb1988m-words#@vb1988m#352.172#353.103
1003;неприятно;неприятно;ADV;_;Degree=Pos;_;_;_;@vb1988m-words#@vb1988m#353.103#354.034
